region_cd,stabbr,tzname,tz,dst,lst_offset
01001,AL,US/Central,CST,,-6
01003,AL,US/Central,CST,,-6
01005,AL,US/Central,CST,,-6
01007,AL,US/Central,CST,,-6
01009,AL,US/Central,CST,,-6
01011,AL,US/Central,CST,,-6
01013,AL,US/Central,CST,,-6
01015,AL,US/Central,CST,,-6
01017,AL,US/Central,CST,,-6
01019,AL,US/Central,CST,,-6
01021,AL,US/Central,CST,,-6
01023,AL,US/Central,CST,,-6
01025,AL,US/Central,CST,,-6
01027,AL,US/Central,CST,,-6
01029,AL,US/Central,CST,,-6
01031,AL,US/Central,CST,,-6
01033,AL,US/Central,CST,,-6
01035,AL,US/Central,CST,,-6
01037,AL,US/Central,CST,,-6
01039,AL,US/Central,CST,,-6
01041,AL,US/Central,CST,,-6
01043,AL,US/Central,CST,,-6
01045,AL,US/Central,CST,,-6
01047,AL,US/Central,CST,,-6
01049,AL,US/Central,CST,,-6
01051,AL,US/Central,CST,,-6
01053,AL,US/Central,CST,,-6
01055,AL,US/Central,CST,,-6
01057,AL,US/Central,CST,,-6
01059,AL,US/Central,CST,,-6
01061,AL,US/Central,CST,,-6
01063,AL,US/Central,CST,,-6
01065,AL,US/Central,CST,,-6
01067,AL,US/Central,CST,,-6
01069,AL,US/Central,CST,,-6
01071,AL,US/Central,CST,,-6
01073,AL,US/Central,CST,,-6
01075,AL,US/Central,CST,,-6
01077,AL,US/Central,CST,,-6
01079,AL,US/Central,CST,,-6
01081,AL,US/Central,CST,,-6
01083,AL,US/Central,CST,,-6
01085,AL,US/Central,CST,,-6
01087,AL,US/Central,CST,,-6
01089,AL,US/Central,CST,,-6
01091,AL,US/Central,CST,,-6
01093,AL,US/Central,CST,,-6
01095,AL,US/Central,CST,,-6
01097,AL,US/Central,CST,,-6
01099,AL,US/Central,CST,,-6
01101,AL,US/Central,CST,,-6
01103,AL,US/Central,CST,,-6
01105,AL,US/Central,CST,,-6
01107,AL,US/Central,CST,,-6
01109,AL,US/Central,CST,,-6
01111,AL,US/Central,CST,,-6
01113,AL,US/Central,CST,,-6
01115,AL,US/Central,CST,,-6
01117,AL,US/Central,CST,,-6
01119,AL,US/Central,CST,,-6
01121,AL,US/Central,CST,,-6
01123,AL,US/Central,CST,,-6
01125,AL,US/Central,CST,,-6
01127,AL,US/Central,CST,,-6
01129,AL,US/Central,CST,,-6
01131,AL,US/Central,CST,,-6
01133,AL,US/Central,CST,,-6
02013,AK,US/Alaska,AKT,,-9
02016,AK,US/Aleutians,HST,,-10
02020,AK,US/Alaska,AKT,,-9
02050,AK,US/Alaska,AKT,,-9
02060,AK,US/Alaska,AKT,,-9
02063,AK,US/Alaska,AKT,,-9
02066,AK,US/Alaska,AKT,,-9
02068,AK,US/Alaska,AKT,,-9
02070,AK,US/Alaska,AKT,,-9
02090,AK,US/Alaska,AKT,,-9
02100,AK,US/Alaska,AKT,,-9
02105,AK,US/Alaska,AKT,,-9
02110,AK,US/Alaska,AKT,,-9
02122,AK,US/Alaska,AKT,,-9
02130,AK,US/Alaska,AKT,,-9
02150,AK,US/Alaska,AKT,,-9
02158,AK,US/Alaska,AKT,,-9
02164,AK,US/Alaska,AKT,,-9
02170,AK,US/Alaska,AKT,,-9
02180,AK,US/Alaska,AKT,,-9
02185,AK,US/Alaska,AKT,,-9
02188,AK,US/Alaska,AKT,,-9
02195,AK,US/Alaska,AKT,,-9
02198,AK,US/Alaska,AKT,,-9
02201,AK,US/Alaska,AKT,,-9
02220,AK,US/Alaska,AKT,,-9
02230,AK,US/Alaska,AKT,,-9
02240,AK,US/Alaska,AKT,,-9
02261,AK,US/Alaska,AKT,,-9
02270,AK,US/Alaska,AKT,,-9
02275,AK,US/Alaska,AKT,,-9
02282,AK,US/Alaska,AKT,,-9
02290,AK,US/Alaska,AKT,,-9
04001,AZ,US/Arizona,MST,x,-7
04003,AZ,US/Arizona,MST,x,-7
04005,AZ,US/Arizona,MST,x,-7
04007,AZ,US/Arizona,MST,x,-7
04009,AZ,US/Arizona,MST,x,-7
04011,AZ,US/Arizona,MST,x,-7
04012,AZ,US/Arizona,MST,x,-7
04013,AZ,US/Arizona,MST,x,-7
04015,AZ,US/Arizona,MST,x,-7
04017,AZ,US/Arizona,MST,x,-7
04019,AZ,US/Arizona,MST,x,-7
04021,AZ,US/Arizona,MST,x,-7
04023,AZ,US/Arizona,MST,x,-7
04025,AZ,US/Arizona,MST,x,-7
04027,AZ,US/Arizona,MST,x,-7
05001,AR,US/Central,CST,,-6
05003,AR,US/Central,CST,,-6
05005,AR,US/Central,CST,,-6
05007,AR,US/Central,CST,,-6
05009,AR,US/Central,CST,,-6
05011,AR,US/Central,CST,,-6
05013,AR,US/Central,CST,,-6
05015,AR,US/Central,CST,,-6
05017,AR,US/Central,CST,,-6
05019,AR,US/Central,CST,,-6
05021,AR,US/Central,CST,,-6
05023,AR,US/Central,CST,,-6
05025,AR,US/Central,CST,,-6
05027,AR,US/Central,CST,,-6
05029,AR,US/Central,CST,,-6
05031,AR,US/Central,CST,,-6
05033,AR,US/Central,CST,,-6
05035,AR,US/Central,CST,,-6
05037,AR,US/Central,CST,,-6
05039,AR,US/Central,CST,,-6
05041,AR,US/Central,CST,,-6
05043,AR,US/Central,CST,,-6
05045,AR,US/Central,CST,,-6
05047,AR,US/Central,CST,,-6
05049,AR,US/Central,CST,,-6
05051,AR,US/Central,CST,,-6
05053,AR,US/Central,CST,,-6
05055,AR,US/Central,CST,,-6
05057,AR,US/Central,CST,,-6
05059,AR,US/Central,CST,,-6
05061,AR,US/Central,CST,,-6
05063,AR,US/Central,CST,,-6
05065,AR,US/Central,CST,,-6
05067,AR,US/Central,CST,,-6
05069,AR,US/Central,CST,,-6
05071,AR,US/Central,CST,,-6
05073,AR,US/Central,CST,,-6
05075,AR,US/Central,CST,,-6
05077,AR,US/Central,CST,,-6
05079,AR,US/Central,CST,,-6
05081,AR,US/Central,CST,,-6
05083,AR,US/Central,CST,,-6
05085,AR,US/Central,CST,,-6
05087,AR,US/Central,CST,,-6
05089,AR,US/Central,CST,,-6
05091,AR,US/Central,CST,,-6
05093,AR,US/Central,CST,,-6
05095,AR,US/Central,CST,,-6
05097,AR,US/Central,CST,,-6
05099,AR,US/Central,CST,,-6
05101,AR,US/Central,CST,,-6
05103,AR,US/Central,CST,,-6
05105,AR,US/Central,CST,,-6
05107,AR,US/Central,CST,,-6
05109,AR,US/Central,CST,,-6
05111,AR,US/Central,CST,,-6
05113,AR,US/Central,CST,,-6
05115,AR,US/Central,CST,,-6
05117,AR,US/Central,CST,,-6
05119,AR,US/Central,CST,,-6
05121,AR,US/Central,CST,,-6
05123,AR,US/Central,CST,,-6
05125,AR,US/Central,CST,,-6
05127,AR,US/Central,CST,,-6
05129,AR,US/Central,CST,,-6
05131,AR,US/Central,CST,,-6
05133,AR,US/Central,CST,,-6
05135,AR,US/Central,CST,,-6
05137,AR,US/Central,CST,,-6
05139,AR,US/Central,CST,,-6
05141,AR,US/Central,CST,,-6
05143,AR,US/Central,CST,,-6
05145,AR,US/Central,CST,,-6
05147,AR,US/Central,CST,,-6
05149,AR,US/Central,CST,,-6
06001,CA,US/Pacific,PST,,-8
06003,CA,US/Pacific,PST,,-8
06005,CA,US/Pacific,PST,,-8
06007,CA,US/Pacific,PST,,-8
06009,CA,US/Pacific,PST,,-8
06011,CA,US/Pacific,PST,,-8
06013,CA,US/Pacific,PST,,-8
06015,CA,US/Pacific,PST,,-8
06017,CA,US/Pacific,PST,,-8
06019,CA,US/Pacific,PST,,-8
06021,CA,US/Pacific,PST,,-8
06023,CA,US/Pacific,PST,,-8
06025,CA,US/Pacific,PST,,-8
06027,CA,US/Pacific,PST,,-8
06029,CA,US/Pacific,PST,,-8
06031,CA,US/Pacific,PST,,-8
06033,CA,US/Pacific,PST,,-8
06035,CA,US/Pacific,PST,,-8
06037,CA,US/Pacific,PST,,-8
06039,CA,US/Pacific,PST,,-8
06041,CA,US/Pacific,PST,,-8
06043,CA,US/Pacific,PST,,-8
06045,CA,US/Pacific,PST,,-8
06047,CA,US/Pacific,PST,,-8
06049,CA,US/Pacific,PST,,-8
06051,CA,US/Pacific,PST,,-8
06053,CA,US/Pacific,PST,,-8
06055,CA,US/Pacific,PST,,-8
06057,CA,US/Pacific,PST,,-8
06059,CA,US/Pacific,PST,,-8
06061,CA,US/Pacific,PST,,-8
06063,CA,US/Pacific,PST,,-8
06065,CA,US/Pacific,PST,,-8
06067,CA,US/Pacific,PST,,-8
06069,CA,US/Pacific,PST,,-8
06071,CA,US/Pacific,PST,,-8
06073,CA,US/Pacific,PST,,-8
06075,CA,US/Pacific,PST,,-8
06077,CA,US/Pacific,PST,,-8
06079,CA,US/Pacific,PST,,-8
06081,CA,US/Pacific,PST,,-8
06083,CA,US/Pacific,PST,,-8
06085,CA,US/Pacific,PST,,-8
06087,CA,US/Pacific,PST,,-8
06089,CA,US/Pacific,PST,,-8
06091,CA,US/Pacific,PST,,-8
06093,CA,US/Pacific,PST,,-8
06095,CA,US/Pacific,PST,,-8
06097,CA,US/Pacific,PST,,-8
06099,CA,US/Pacific,PST,,-8
06101,CA,US/Pacific,PST,,-8
06103,CA,US/Pacific,PST,,-8
06105,CA,US/Pacific,PST,,-8
06107,CA,US/Pacific,PST,,-8
06109,CA,US/Pacific,PST,,-8
06111,CA,US/Pacific,PST,,-8
06113,CA,US/Pacific,PST,,-8
06115,CA,US/Pacific,PST,,-8
08001,CO,US/Mountain,MST,,-7
08003,CO,US/Mountain,MST,,-7
08005,CO,US/Mountain,MST,,-7
08007,CO,US/Mountain,MST,,-7
08009,CO,US/Mountain,MST,,-7
08011,CO,US/Mountain,MST,,-7
08013,CO,US/Mountain,MST,,-7
08014,CO,US/Mountain,MST,,-7
08015,CO,US/Mountain,MST,,-7
08017,CO,US/Mountain,MST,,-7
08019,CO,US/Mountain,MST,,-7
08021,CO,US/Mountain,MST,,-7
08023,CO,US/Mountain,MST,,-7
08025,CO,US/Mountain,MST,,-7
08027,CO,US/Mountain,MST,,-7
08029,CO,US/Mountain,MST,,-7
08031,CO,US/Mountain,MST,,-7
08033,CO,US/Mountain,MST,,-7
08035,CO,US/Mountain,MST,,-7
08037,CO,US/Mountain,MST,,-7
08039,CO,US/Mountain,MST,,-7
08041,CO,US/Mountain,MST,,-7
08043,CO,US/Mountain,MST,,-7
08045,CO,US/Mountain,MST,,-7
08047,CO,US/Mountain,MST,,-7
08049,CO,US/Mountain,MST,,-7
08051,CO,US/Mountain,MST,,-7
08053,CO,US/Mountain,MST,,-7
08055,CO,US/Mountain,MST,,-7
08057,CO,US/Mountain,MST,,-7
08059,CO,US/Mountain,MST,,-7
08061,CO,US/Mountain,MST,,-7
08063,CO,US/Mountain,MST,,-7
08065,CO,US/Mountain,MST,,-7
08067,CO,US/Mountain,MST,,-7
08069,CO,US/Mountain,MST,,-7
08071,CO,US/Mountain,MST,,-7
08073,CO,US/Mountain,MST,,-7
08075,CO,US/Mountain,MST,,-7
08077,CO,US/Mountain,MST,,-7
08079,CO,US/Mountain,MST,,-7
08081,CO,US/Mountain,MST,,-7
08083,CO,US/Mountain,MST,,-7
08085,CO,US/Mountain,MST,,-7
08087,CO,US/Mountain,MST,,-7
08089,CO,US/Mountain,MST,,-7
08091,CO,US/Mountain,MST,,-7
08093,CO,US/Mountain,MST,,-7
08095,CO,US/Mountain,MST,,-7
08097,CO,US/Mountain,MST,,-7
08099,CO,US/Mountain,MST,,-7
08101,CO,US/Mountain,MST,,-7
08103,CO,US/Mountain,MST,,-7
08105,CO,US/Mountain,MST,,-7
08107,CO,US/Mountain,MST,,-7
08109,CO,US/Mountain,MST,,-7
08111,CO,US/Mountain,MST,,-7
08113,CO,US/Mountain,MST,,-7
08115,CO,US/Mountain,MST,,-7
08117,CO,US/Mountain,MST,,-7
08119,CO,US/Mountain,MST,,-7
08121,CO,US/Mountain,MST,,-7
08123,CO,US/Mountain,MST,,-7
08125,CO,US/Mountain,MST,,-7
09001,CT,US/Eastern,EST,,-5
09003,CT,US/Eastern,EST,,-5
09005,CT,US/Eastern,EST,,-5
09007,CT,US/Eastern,EST,,-5
09009,CT,US/Eastern,EST,,-5
09011,CT,US/Eastern,EST,,-5
09013,CT,US/Eastern,EST,,-5
09015,CT,US/Eastern,EST,,-5
10001,DE,US/Eastern,EST,,-5
10003,DE,US/Eastern,EST,,-5
10005,DE,US/Eastern,EST,,-5
11001,DC,US/Eastern,EST,,-5
12001,FL,US/Eastern,EST,,-5
12003,FL,US/Eastern,EST,,-5
12005,FL,US/Central,CST,,-6
12007,FL,US/Eastern,EST,,-5
12009,FL,US/Eastern,EST,,-5
12011,FL,US/Eastern,EST,,-5
12013,FL,US/Central,CST,,-6
12015,FL,US/Eastern,EST,,-5
12017,FL,US/Eastern,EST,,-5
12019,FL,US/Eastern,EST,,-5
12021,FL,US/Eastern,EST,,-5
12023,FL,US/Eastern,EST,,-5
12027,FL,US/Eastern,EST,,-5
12029,FL,US/Eastern,EST,,-5
12031,FL,US/Eastern,EST,,-5
12033,FL,US/Central,CST,,-6
12035,FL,US/Eastern,EST,,-5
12037,FL,US/Eastern,EST,,-5
12039,FL,US/Eastern,EST,,-5
12041,FL,US/Eastern,EST,,-5
12043,FL,US/Eastern,EST,,-5
12045,FL,US/Eastern,EST,,-5
12047,FL,US/Eastern,EST,,-5
12049,FL,US/Eastern,EST,,-5
12051,FL,US/Eastern,EST,,-5
12053,FL,US/Eastern,EST,,-5
12055,FL,US/Eastern,EST,,-5
12057,FL,US/Eastern,EST,,-5
12059,FL,US/Central,CST,,-6
12061,FL,US/Eastern,EST,,-5
12063,FL,US/Central,CST,,-6
12065,FL,US/Eastern,EST,,-5
12067,FL,US/Eastern,EST,,-5
12069,FL,US/Eastern,EST,,-5
12071,FL,US/Eastern,EST,,-5
12073,FL,US/Eastern,EST,,-5
12075,FL,US/Eastern,EST,,-5
12077,FL,US/Eastern,EST,,-5
12079,FL,US/Eastern,EST,,-5
12081,FL,US/Eastern,EST,,-5
12083,FL,US/Eastern,EST,,-5
12085,FL,US/Eastern,EST,,-5
12086,FL,US/Eastern,EST,,-5
12087,FL,US/Eastern,EST,,-5
12089,FL,US/Eastern,EST,,-5
12091,FL,US/Central,CST,,-6
12093,FL,US/Eastern,EST,,-5
12095,FL,US/Eastern,EST,,-5
12097,FL,US/Eastern,EST,,-5
12099,FL,US/Eastern,EST,,-5
12101,FL,US/Eastern,EST,,-5
12103,FL,US/Eastern,EST,,-5
12105,FL,US/Eastern,EST,,-5
12107,FL,US/Eastern,EST,,-5
12109,FL,US/Eastern,EST,,-5
12111,FL,US/Eastern,EST,,-5
12113,FL,US/Central,CST,,-6
12115,FL,US/Eastern,EST,,-5
12117,FL,US/Eastern,EST,,-5
12119,FL,US/Eastern,EST,,-5
12121,FL,US/Eastern,EST,,-5
12123,FL,US/Eastern,EST,,-5
12125,FL,US/Eastern,EST,,-5
12127,FL,US/Eastern,EST,,-5
12129,FL,US/Eastern,EST,,-5
12131,FL,US/Central,CST,,-6
12133,FL,US/Central,CST,,-6
13001,GA,US/Eastern,EST,,-5
13003,GA,US/Eastern,EST,,-5
13005,GA,US/Eastern,EST,,-5
13007,GA,US/Eastern,EST,,-5
13009,GA,US/Eastern,EST,,-5
13011,GA,US/Eastern,EST,,-5
13013,GA,US/Eastern,EST,,-5
13015,GA,US/Eastern,EST,,-5
13017,GA,US/Eastern,EST,,-5
13019,GA,US/Eastern,EST,,-5
13021,GA,US/Eastern,EST,,-5
13023,GA,US/Eastern,EST,,-5
13025,GA,US/Eastern,EST,,-5
13027,GA,US/Eastern,EST,,-5
13029,GA,US/Eastern,EST,,-5
13031,GA,US/Eastern,EST,,-5
13033,GA,US/Eastern,EST,,-5
13035,GA,US/Eastern,EST,,-5
13037,GA,US/Eastern,EST,,-5
13039,GA,US/Eastern,EST,,-5
13043,GA,US/Eastern,EST,,-5
13045,GA,US/Eastern,EST,,-5
13047,GA,US/Eastern,EST,,-5
13049,GA,US/Eastern,EST,,-5
13051,GA,US/Eastern,EST,,-5
13053,GA,US/Eastern,EST,,-5
13055,GA,US/Eastern,EST,,-5
13057,GA,US/Eastern,EST,,-5
13059,GA,US/Eastern,EST,,-5
13061,GA,US/Eastern,EST,,-5
13063,GA,US/Eastern,EST,,-5
13065,GA,US/Eastern,EST,,-5
13067,GA,US/Eastern,EST,,-5
13069,GA,US/Eastern,EST,,-5
13071,GA,US/Eastern,EST,,-5
13073,GA,US/Eastern,EST,,-5
13075,GA,US/Eastern,EST,,-5
13077,GA,US/Eastern,EST,,-5
13079,GA,US/Eastern,EST,,-5
13081,GA,US/Eastern,EST,,-5
13083,GA,US/Eastern,EST,,-5
13085,GA,US/Eastern,EST,,-5
13087,GA,US/Eastern,EST,,-5
13089,GA,US/Eastern,EST,,-5
13091,GA,US/Eastern,EST,,-5
13093,GA,US/Eastern,EST,,-5
13095,GA,US/Eastern,EST,,-5
13097,GA,US/Eastern,EST,,-5
13099,GA,US/Eastern,EST,,-5
13101,GA,US/Eastern,EST,,-5
13103,GA,US/Eastern,EST,,-5
13105,GA,US/Eastern,EST,,-5
13107,GA,US/Eastern,EST,,-5
13109,GA,US/Eastern,EST,,-5
13111,GA,US/Eastern,EST,,-5
13113,GA,US/Eastern,EST,,-5
13115,GA,US/Eastern,EST,,-5
13117,GA,US/Eastern,EST,,-5
13119,GA,US/Eastern,EST,,-5
13121,GA,US/Eastern,EST,,-5
13123,GA,US/Eastern,EST,,-5
13125,GA,US/Eastern,EST,,-5
13127,GA,US/Eastern,EST,,-5
13129,GA,US/Eastern,EST,,-5
13131,GA,US/Eastern,EST,,-5
13133,GA,US/Eastern,EST,,-5
13135,GA,US/Eastern,EST,,-5
13137,GA,US/Eastern,EST,,-5
13139,GA,US/Eastern,EST,,-5
13141,GA,US/Eastern,EST,,-5
13143,GA,US/Eastern,EST,,-5
13145,GA,US/Eastern,EST,,-5
13147,GA,US/Eastern,EST,,-5
13149,GA,US/Eastern,EST,,-5
13151,GA,US/Eastern,EST,,-5
13153,GA,US/Eastern,EST,,-5
13155,GA,US/Eastern,EST,,-5
13157,GA,US/Eastern,EST,,-5
13159,GA,US/Eastern,EST,,-5
13161,GA,US/Eastern,EST,,-5
13163,GA,US/Eastern,EST,,-5
13165,GA,US/Eastern,EST,,-5
13167,GA,US/Eastern,EST,,-5
13169,GA,US/Eastern,EST,,-5
13171,GA,US/Eastern,EST,,-5
13173,GA,US/Eastern,EST,,-5
13175,GA,US/Eastern,EST,,-5
13177,GA,US/Eastern,EST,,-5
13179,GA,US/Eastern,EST,,-5
13181,GA,US/Eastern,EST,,-5
13183,GA,US/Eastern,EST,,-5
13185,GA,US/Eastern,EST,,-5
13187,GA,US/Eastern,EST,,-5
13189,GA,US/Eastern,EST,,-5
13191,GA,US/Eastern,EST,,-5
13193,GA,US/Eastern,EST,,-5
13195,GA,US/Eastern,EST,,-5
13197,GA,US/Eastern,EST,,-5
13199,GA,US/Eastern,EST,,-5
13201,GA,US/Eastern,EST,,-5
13205,GA,US/Eastern,EST,,-5
13207,GA,US/Eastern,EST,,-5
13209,GA,US/Eastern,EST,,-5
13211,GA,US/Eastern,EST,,-5
13213,GA,US/Eastern,EST,,-5
13215,GA,US/Eastern,EST,,-5
13217,GA,US/Eastern,EST,,-5
13219,GA,US/Eastern,EST,,-5
13221,GA,US/Eastern,EST,,-5
13223,GA,US/Eastern,EST,,-5
13225,GA,US/Eastern,EST,,-5
13227,GA,US/Eastern,EST,,-5
13229,GA,US/Eastern,EST,,-5
13231,GA,US/Eastern,EST,,-5
13233,GA,US/Eastern,EST,,-5
13235,GA,US/Eastern,EST,,-5
13237,GA,US/Eastern,EST,,-5
13239,GA,US/Eastern,EST,,-5
13241,GA,US/Eastern,EST,,-5
13243,GA,US/Eastern,EST,,-5
13245,GA,US/Eastern,EST,,-5
13247,GA,US/Eastern,EST,,-5
13249,GA,US/Eastern,EST,,-5
13251,GA,US/Eastern,EST,,-5
13253,GA,US/Eastern,EST,,-5
13255,GA,US/Eastern,EST,,-5
13257,GA,US/Eastern,EST,,-5
13259,GA,US/Eastern,EST,,-5
13261,GA,US/Eastern,EST,,-5
13263,GA,US/Eastern,EST,,-5
13265,GA,US/Eastern,EST,,-5
13267,GA,US/Eastern,EST,,-5
13269,GA,US/Eastern,EST,,-5
13271,GA,US/Eastern,EST,,-5
13273,GA,US/Eastern,EST,,-5
13275,GA,US/Eastern,EST,,-5
13277,GA,US/Eastern,EST,,-5
13279,GA,US/Eastern,EST,,-5
13281,GA,US/Eastern,EST,,-5
13283,GA,US/Eastern,EST,,-5
13285,GA,US/Eastern,EST,,-5
13287,GA,US/Eastern,EST,,-5
13289,GA,US/Eastern,EST,,-5
13291,GA,US/Eastern,EST,,-5
13293,GA,US/Eastern,EST,,-5
13295,GA,US/Eastern,EST,,-5
13297,GA,US/Eastern,EST,,-5
13299,GA,US/Eastern,EST,,-5
13301,GA,US/Eastern,EST,,-5
13303,GA,US/Eastern,EST,,-5
13305,GA,US/Eastern,EST,,-5
13307,GA,US/Eastern,EST,,-5
13309,GA,US/Eastern,EST,,-5
13311,GA,US/Eastern,EST,,-5
13313,GA,US/Eastern,EST,,-5
13315,GA,US/Eastern,EST,,-5
13317,GA,US/Eastern,EST,,-5
13319,GA,US/Eastern,EST,,-5
13321,GA,US/Eastern,EST,,-5
15001,HI,Hawaii,HST,x,-10
15003,HI,Hawaii,HST,x,-10
15005,HI,Hawaii,HST,x,-10
15007,HI,Hawaii,HST,x,-10
15009,HI,Hawaii,HST,x,-10
16001,ID,US/Mountain,MST,,-7
16003,ID,US/Mountain,MST,,-7
16005,ID,US/Mountain,MST,,-7
16007,ID,US/Mountain,MST,,-7
16009,ID,US/Pacific,PST,,-8
16011,ID,US/Mountain,MST,,-7
16013,ID,US/Mountain,MST,,-7
16015,ID,US/Mountain,MST,,-7
16017,ID,US/Pacific,PST,,-8
16019,ID,US/Mountain,MST,,-7
16021,ID,US/Pacific,PST,,-8
16023,ID,US/Mountain,MST,,-7
16025,ID,US/Mountain,MST,,-7
16027,ID,US/Mountain,MST,,-7
16029,ID,US/Mountain,MST,,-7
16031,ID,US/Mountain,MST,,-7
16033,ID,US/Mountain,MST,,-7
16035,ID,US/Pacific,PST,,-8
16037,ID,US/Mountain,MST,,-7
16039,ID,US/Mountain,MST,,-7
16041,ID,US/Mountain,MST,,-7
16043,ID,US/Mountain,MST,,-7
16045,ID,US/Mountain,MST,,-7
16047,ID,US/Mountain,MST,,-7
16049,ID,US/Pacific,PST,,-8
16051,ID,US/Mountain,MST,,-7
16053,ID,US/Mountain,MST,,-7
16055,ID,US/Pacific,PST,,-8
16057,ID,US/Pacific,PST,,-8
16059,ID,US/Mountain,MST,,-7
16061,ID,US/Pacific,PST,,-8
16063,ID,US/Mountain,MST,,-7
16065,ID,US/Mountain,MST,,-7
16067,ID,US/Mountain,MST,,-7
16069,ID,US/Pacific,PST,,-8
16071,ID,US/Mountain,MST,,-7
16073,ID,US/Mountain,MST,,-7
16075,ID,US/Mountain,MST,,-7
16077,ID,US/Mountain,MST,,-7
16079,ID,US/Pacific,PST,,-8
16081,ID,US/Mountain,MST,,-7
16083,ID,US/Mountain,MST,,-7
16085,ID,US/Mountain,MST,,-7
16087,ID,US/Mountain,MST,,-7
17001,IL,US/Central,CST,,-6
17003,IL,US/Central,CST,,-6
17005,IL,US/Central,CST,,-6
17007,IL,US/Central,CST,,-6
17009,IL,US/Central,CST,,-6
17011,IL,US/Central,CST,,-6
17013,IL,US/Central,CST,,-6
17015,IL,US/Central,CST,,-6
17017,IL,US/Central,CST,,-6
17019,IL,US/Central,CST,,-6
17021,IL,US/Central,CST,,-6
17023,IL,US/Central,CST,,-6
17025,IL,US/Central,CST,,-6
17027,IL,US/Central,CST,,-6
17029,IL,US/Central,CST,,-6
17031,IL,US/Central,CST,,-6
17033,IL,US/Central,CST,,-6
17035,IL,US/Central,CST,,-6
17037,IL,US/Central,CST,,-6
17039,IL,US/Central,CST,,-6
17041,IL,US/Central,CST,,-6
17043,IL,US/Central,CST,,-6
17045,IL,US/Central,CST,,-6
17047,IL,US/Central,CST,,-6
17049,IL,US/Central,CST,,-6
17051,IL,US/Central,CST,,-6
17053,IL,US/Central,CST,,-6
17055,IL,US/Central,CST,,-6
17057,IL,US/Central,CST,,-6
17059,IL,US/Central,CST,,-6
17061,IL,US/Central,CST,,-6
17063,IL,US/Central,CST,,-6
17065,IL,US/Central,CST,,-6
17067,IL,US/Central,CST,,-6
17069,IL,US/Central,CST,,-6
17071,IL,US/Central,CST,,-6
17073,IL,US/Central,CST,,-6
17075,IL,US/Central,CST,,-6
17077,IL,US/Central,CST,,-6
17079,IL,US/Central,CST,,-6
17081,IL,US/Central,CST,,-6
17083,IL,US/Central,CST,,-6
17085,IL,US/Central,CST,,-6
17087,IL,US/Central,CST,,-6
17089,IL,US/Central,CST,,-6
17091,IL,US/Central,CST,,-6
17093,IL,US/Central,CST,,-6
17095,IL,US/Central,CST,,-6
17097,IL,US/Central,CST,,-6
17099,IL,US/Central,CST,,-6
17101,IL,US/Central,CST,,-6
17103,IL,US/Central,CST,,-6
17105,IL,US/Central,CST,,-6
17107,IL,US/Central,CST,,-6
17109,IL,US/Central,CST,,-6
17111,IL,US/Central,CST,,-6
17113,IL,US/Central,CST,,-6
17115,IL,US/Central,CST,,-6
17117,IL,US/Central,CST,,-6
17119,IL,US/Central,CST,,-6
17121,IL,US/Central,CST,,-6
17123,IL,US/Central,CST,,-6
17125,IL,US/Central,CST,,-6
17127,IL,US/Central,CST,,-6
17129,IL,US/Central,CST,,-6
17131,IL,US/Central,CST,,-6
17133,IL,US/Central,CST,,-6
17135,IL,US/Central,CST,,-6
17137,IL,US/Central,CST,,-6
17139,IL,US/Central,CST,,-6
17141,IL,US/Central,CST,,-6
17143,IL,US/Central,CST,,-6
17145,IL,US/Central,CST,,-6
17147,IL,US/Central,CST,,-6
17149,IL,US/Central,CST,,-6
17151,IL,US/Central,CST,,-6
17153,IL,US/Central,CST,,-6
17155,IL,US/Central,CST,,-6
17157,IL,US/Central,CST,,-6
17159,IL,US/Central,CST,,-6
17161,IL,US/Central,CST,,-6
17163,IL,US/Central,CST,,-6
17165,IL,US/Central,CST,,-6
17167,IL,US/Central,CST,,-6
17169,IL,US/Central,CST,,-6
17171,IL,US/Central,CST,,-6
17173,IL,US/Central,CST,,-6
17175,IL,US/Central,CST,,-6
17177,IL,US/Central,CST,,-6
17179,IL,US/Central,CST,,-6
17181,IL,US/Central,CST,,-6
17183,IL,US/Central,CST,,-6
17185,IL,US/Central,CST,,-6
17187,IL,US/Central,CST,,-6
17189,IL,US/Central,CST,,-6
17191,IL,US/Central,CST,,-6
17193,IL,US/Central,CST,,-6
17195,IL,US/Central,CST,,-6
17197,IL,US/Central,CST,,-6
17199,IL,US/Central,CST,,-6
17201,IL,US/Central,CST,,-6
17203,IL,US/Central,CST,,-6
18001,IN,US/Eastern,EST,,-5
18003,IN,US/Eastern,EST,,-5
18005,IN,US/Eastern,EST,,-5
18007,IN,US/Eastern,EST,,-5
18009,IN,US/Eastern,EST,,-5
18011,IN,US/Eastern,EST,,-5
18013,IN,US/Eastern,EST,,-5
18015,IN,US/Eastern,EST,,-5
18017,IN,US/Eastern,EST,,-5
18019,IN,US/Eastern,EST,,-5
18021,IN,US/Eastern,EST,,-5
18023,IN,US/Eastern,EST,,-5
18025,IN,US/Eastern,EST,,-5
18027,IN,US/Eastern,EST,,-5
18029,IN,US/Eastern,EST,,-5
18031,IN,US/Eastern,EST,,-5
18033,IN,US/Eastern,EST,,-5
18035,IN,US/Eastern,EST,,-5
18037,IN,US/Eastern,EST,,-5
18039,IN,US/Eastern,EST,,-5
18041,IN,US/Eastern,EST,,-5
18043,IN,US/Eastern,EST,,-5
18045,IN,US/Eastern,EST,,-5
18047,IN,US/Eastern,EST,,-5
18049,IN,US/Eastern,EST,,-5
18051,IN,US/Central,CST,,-6
18053,IN,US/Eastern,EST,,-5
18055,IN,US/Eastern,EST,,-5
18057,IN,US/Eastern,EST,,-5
18059,IN,US/Eastern,EST,,-5
18061,IN,US/Eastern,EST,,-5
18063,IN,US/Eastern,EST,,-5
18065,IN,US/Eastern,EST,,-5
18067,IN,US/Eastern,EST,,-5
18069,IN,US/Eastern,EST,,-5
18071,IN,US/Eastern,EST,,-5
18073,IN,US/Central,CST,,-6
18075,IN,US/Eastern,EST,,-5
18077,IN,US/Eastern,EST,,-5
18079,IN,US/Eastern,EST,,-5
18081,IN,US/Eastern,EST,,-5
18083,IN,US/Eastern,EST,,-5
18085,IN,US/Eastern,EST,,-5
18087,IN,US/Eastern,EST,,-5
18089,IN,US/Central,CST,,-6
18091,IN,US/Central,CST,,-6
18093,IN,US/Eastern,EST,,-5
18095,IN,US/Eastern,EST,,-5
18097,IN,US/Eastern,EST,,-5
18099,IN,US/Eastern,EST,,-5
18101,IN,US/Eastern,EST,,-5
18103,IN,US/Eastern,EST,,-5
18105,IN,US/Eastern,EST,,-5
18107,IN,US/Eastern,EST,,-5
18109,IN,US/Eastern,EST,,-5
18111,IN,US/Central,CST,,-6
18113,IN,US/Eastern,EST,,-5
18115,IN,US/Eastern,EST,,-5
18117,IN,US/Eastern,EST,,-5
18119,IN,US/Eastern,EST,,-5
18121,IN,US/Eastern,EST,,-5
18123,IN,US/Central,CST,,-6
18125,IN,US/Eastern,EST,,-5
18127,IN,US/Central,CST,,-6
18129,IN,US/Central,CST,,-6
18131,IN,US/Eastern,EST,,-5
18133,IN,US/Eastern,EST,,-5
18135,IN,US/Eastern,EST,,-5
18137,IN,US/Eastern,EST,,-5
18139,IN,US/Eastern,EST,,-5
18141,IN,US/Eastern,EST,,-5
18143,IN,US/Eastern,EST,,-5
18145,IN,US/Eastern,EST,,-5
18147,IN,US/Central,CST,,-6
18149,IN,US/Central,CST,,-6
18151,IN,US/Eastern,EST,,-5
18153,IN,US/Eastern,EST,,-5
18155,IN,US/Eastern,EST,,-5
18157,IN,US/Eastern,EST,,-5
18159,IN,US/Eastern,EST,,-5
18161,IN,US/Eastern,EST,,-5
18163,IN,US/Central,CST,,-6
18165,IN,US/Eastern,EST,,-5
18167,IN,US/Eastern,EST,,-5
18169,IN,US/Eastern,EST,,-5
18171,IN,US/Eastern,EST,,-5
18173,IN,US/Central,CST,,-6
18175,IN,US/Eastern,EST,,-5
18177,IN,US/Eastern,EST,,-5
18179,IN,US/Eastern,EST,,-5
18181,IN,US/Eastern,EST,,-5
18183,IN,US/Eastern,EST,,-5
19001,IA,US/Central,CST,,-6
19003,IA,US/Central,CST,,-6
19005,IA,US/Central,CST,,-6
19007,IA,US/Central,CST,,-6
19009,IA,US/Central,CST,,-6
19011,IA,US/Central,CST,,-6
19013,IA,US/Central,CST,,-6
19015,IA,US/Central,CST,,-6
19017,IA,US/Central,CST,,-6
19019,IA,US/Central,CST,,-6
19021,IA,US/Central,CST,,-6
19023,IA,US/Central,CST,,-6
19025,IA,US/Central,CST,,-6
19027,IA,US/Central,CST,,-6
19029,IA,US/Central,CST,,-6
19031,IA,US/Central,CST,,-6
19033,IA,US/Central,CST,,-6
19035,IA,US/Central,CST,,-6
19037,IA,US/Central,CST,,-6
19039,IA,US/Central,CST,,-6
19041,IA,US/Central,CST,,-6
19043,IA,US/Central,CST,,-6
19045,IA,US/Central,CST,,-6
19047,IA,US/Central,CST,,-6
19049,IA,US/Central,CST,,-6
19051,IA,US/Central,CST,,-6
19053,IA,US/Central,CST,,-6
19055,IA,US/Central,CST,,-6
19057,IA,US/Central,CST,,-6
19059,IA,US/Central,CST,,-6
19061,IA,US/Central,CST,,-6
19063,IA,US/Central,CST,,-6
19065,IA,US/Central,CST,,-6
19067,IA,US/Central,CST,,-6
19069,IA,US/Central,CST,,-6
19071,IA,US/Central,CST,,-6
19073,IA,US/Central,CST,,-6
19075,IA,US/Central,CST,,-6
19077,IA,US/Central,CST,,-6
19079,IA,US/Central,CST,,-6
19081,IA,US/Central,CST,,-6
19083,IA,US/Central,CST,,-6
19085,IA,US/Central,CST,,-6
19087,IA,US/Central,CST,,-6
19089,IA,US/Central,CST,,-6
19091,IA,US/Central,CST,,-6
19093,IA,US/Central,CST,,-6
19095,IA,US/Central,CST,,-6
19097,IA,US/Central,CST,,-6
19099,IA,US/Central,CST,,-6
19101,IA,US/Central,CST,,-6
19103,IA,US/Central,CST,,-6
19105,IA,US/Central,CST,,-6
19107,IA,US/Central,CST,,-6
19109,IA,US/Central,CST,,-6
19111,IA,US/Central,CST,,-6
19113,IA,US/Central,CST,,-6
19115,IA,US/Central,CST,,-6
19117,IA,US/Central,CST,,-6
19119,IA,US/Central,CST,,-6
19121,IA,US/Central,CST,,-6
19123,IA,US/Central,CST,,-6
19125,IA,US/Central,CST,,-6
19127,IA,US/Central,CST,,-6
19129,IA,US/Central,CST,,-6
19131,IA,US/Central,CST,,-6
19133,IA,US/Central,CST,,-6
19135,IA,US/Central,CST,,-6
19137,IA,US/Central,CST,,-6
19139,IA,US/Central,CST,,-6
19141,IA,US/Central,CST,,-6
19143,IA,US/Central,CST,,-6
19145,IA,US/Central,CST,,-6
19147,IA,US/Central,CST,,-6
19149,IA,US/Central,CST,,-6
19151,IA,US/Central,CST,,-6
19153,IA,US/Central,CST,,-6
19155,IA,US/Central,CST,,-6
19157,IA,US/Central,CST,,-6
19159,IA,US/Central,CST,,-6
19161,IA,US/Central,CST,,-6
19163,IA,US/Central,CST,,-6
19165,IA,US/Central,CST,,-6
19167,IA,US/Central,CST,,-6
19169,IA,US/Central,CST,,-6
19171,IA,US/Central,CST,,-6
19173,IA,US/Central,CST,,-6
19175,IA,US/Central,CST,,-6
19177,IA,US/Central,CST,,-6
19179,IA,US/Central,CST,,-6
19181,IA,US/Central,CST,,-6
19183,IA,US/Central,CST,,-6
19185,IA,US/Central,CST,,-6
19187,IA,US/Central,CST,,-6
19189,IA,US/Central,CST,,-6
19191,IA,US/Central,CST,,-6
19193,IA,US/Central,CST,,-6
19195,IA,US/Central,CST,,-6
19197,IA,US/Central,CST,,-6
20001,KS,US/Central,CST,,-6
20003,KS,US/Central,CST,,-6
20005,KS,US/Central,CST,,-6
20007,KS,US/Central,CST,,-6
20009,KS,US/Central,CST,,-6
20011,KS,US/Central,CST,,-6
20013,KS,US/Central,CST,,-6
20015,KS,US/Central,CST,,-6
20017,KS,US/Central,CST,,-6
20019,KS,US/Central,CST,,-6
20021,KS,US/Central,CST,,-6
20023,KS,US/Central,CST,,-6
20025,KS,US/Central,CST,,-6
20027,KS,US/Central,CST,,-6
20029,KS,US/Central,CST,,-6
20031,KS,US/Central,CST,,-6
20033,KS,US/Central,CST,,-6
20035,KS,US/Central,CST,,-6
20037,KS,US/Central,CST,,-6
20039,KS,US/Central,CST,,-6
20041,KS,US/Central,CST,,-6
20043,KS,US/Central,CST,,-6
20045,KS,US/Central,CST,,-6
20047,KS,US/Central,CST,,-6
20049,KS,US/Central,CST,,-6
20051,KS,US/Central,CST,,-6
20053,KS,US/Central,CST,,-6
20055,KS,US/Central,CST,,-6
20057,KS,US/Central,CST,,-6
20059,KS,US/Central,CST,,-6
20061,KS,US/Central,CST,,-6
20063,KS,US/Central,CST,,-6
20065,KS,US/Central,CST,,-6
20067,KS,US/Central,CST,,-6
20069,KS,US/Central,CST,,-6
20071,KS,US/Mountain,MST,,-7
20073,KS,US/Central,CST,,-6
20075,KS,US/Mountain,MST,,-7
20077,KS,US/Central,CST,,-6
20079,KS,US/Central,CST,,-6
20081,KS,US/Central,CST,,-6
20083,KS,US/Central,CST,,-6
20085,KS,US/Central,CST,,-6
20087,KS,US/Central,CST,,-6
20089,KS,US/Central,CST,,-6
20091,KS,US/Central,CST,,-6
20093,KS,US/Central,CST,,-6
20095,KS,US/Central,CST,,-6
20097,KS,US/Central,CST,,-6
20099,KS,US/Central,CST,,-6
20101,KS,US/Central,CST,,-6
20103,KS,US/Central,CST,,-6
20105,KS,US/Central,CST,,-6
20107,KS,US/Central,CST,,-6
20109,KS,US/Central,CST,,-6
20111,KS,US/Central,CST,,-6
20113,KS,US/Central,CST,,-6
20115,KS,US/Central,CST,,-6
20117,KS,US/Central,CST,,-6
20119,KS,US/Central,CST,,-6
20121,KS,US/Central,CST,,-6
20123,KS,US/Central,CST,,-6
20125,KS,US/Central,CST,,-6
20127,KS,US/Central,CST,,-6
20129,KS,US/Central,CST,,-6
20131,KS,US/Central,CST,,-6
20133,KS,US/Central,CST,,-6
20135,KS,US/Central,CST,,-6
20137,KS,US/Central,CST,,-6
20139,KS,US/Central,CST,,-6
20141,KS,US/Central,CST,,-6
20143,KS,US/Central,CST,,-6
20145,KS,US/Central,CST,,-6
20147,KS,US/Central,CST,,-6
20149,KS,US/Central,CST,,-6
20151,KS,US/Central,CST,,-6
20153,KS,US/Central,CST,,-6
20155,KS,US/Central,CST,,-6
20157,KS,US/Central,CST,,-6
20159,KS,US/Central,CST,,-6
20161,KS,US/Central,CST,,-6
20163,KS,US/Central,CST,,-6
20165,KS,US/Central,CST,,-6
20167,KS,US/Central,CST,,-6
20169,KS,US/Central,CST,,-6
20171,KS,US/Central,CST,,-6
20173,KS,US/Central,CST,,-6
20175,KS,US/Central,CST,,-6
20177,KS,US/Central,CST,,-6
20179,KS,US/Central,CST,,-6
20181,KS,US/Mountain,MST,,-7
20183,KS,US/Central,CST,,-6
20185,KS,US/Central,CST,,-6
20187,KS,US/Central,CST,,-6
20189,KS,US/Central,CST,,-6
20191,KS,US/Central,CST,,-6
20193,KS,US/Central,CST,,-6
20195,KS,US/Central,CST,,-6
20197,KS,US/Central,CST,,-6
20199,KS,US/Mountain,MST,,-7
20201,KS,US/Central,CST,,-6
20203,KS,US/Central,CST,,-6
20205,KS,US/Central,CST,,-6
20207,KS,US/Central,CST,,-6
20209,KS,US/Central,CST,,-6
21001,KY,US/Central,CST,,-6
21003,KY,US/Central,CST,,-6
21005,KY,US/Eastern,EST,,-5
21007,KY,US/Central,CST,,-6
21009,KY,US/Central,CST,,-6
21011,KY,US/Eastern,EST,,-5
21013,KY,US/Eastern,EST,,-5
21015,KY,US/Eastern,EST,,-5
21017,KY,US/Eastern,EST,,-5
21019,KY,US/Eastern,EST,,-5
21021,KY,US/Eastern,EST,,-5
21023,KY,US/Eastern,EST,,-5
21025,KY,US/Eastern,EST,,-5
21027,KY,US/Central,CST,,-6
21029,KY,US/Eastern,EST,,-5
21031,KY,US/Central,CST,,-6
21033,KY,US/Central,CST,,-6
21035,KY,US/Central,CST,,-6
21037,KY,US/Eastern,EST,,-5
21039,KY,US/Central,CST,,-6
21041,KY,US/Eastern,EST,,-5
21043,KY,US/Eastern,EST,,-5
21045,KY,US/Eastern,EST,,-5
21047,KY,US/Central,CST,,-6
21049,KY,US/Eastern,EST,,-5
21051,KY,US/Eastern,EST,,-5
21053,KY,US/Central,CST,,-6
21055,KY,US/Central,CST,,-6
21057,KY,US/Central,CST,,-6
21059,KY,US/Central,CST,,-6
21061,KY,US/Central,CST,,-6
21063,KY,US/Eastern,EST,,-5
21065,KY,US/Eastern,EST,,-5
21067,KY,US/Eastern,EST,,-5
21069,KY,US/Eastern,EST,,-5
21071,KY,US/Eastern,EST,,-5
21073,KY,US/Eastern,EST,,-5
21075,KY,US/Central,CST,,-6
21077,KY,US/Eastern,EST,,-5
21079,KY,US/Eastern,EST,,-5
21081,KY,US/Eastern,EST,,-5
21083,KY,US/Central,CST,,-6
21085,KY,US/Central,CST,,-6
21087,KY,US/Central,CST,,-6
21089,KY,US/Eastern,EST,,-5
21091,KY,US/Central,CST,,-6
21093,KY,US/Eastern,EST,,-5
21095,KY,US/Eastern,EST,,-5
21097,KY,US/Eastern,EST,,-5
21099,KY,US/Central,CST,,-6
21101,KY,US/Central,CST,,-6
21103,KY,US/Eastern,EST,,-5
21105,KY,US/Central,CST,,-6
21107,KY,US/Central,CST,,-6
21109,KY,US/Eastern,EST,,-5
21111,KY,US/Eastern,EST,,-5
21113,KY,US/Eastern,EST,,-5
21115,KY,US/Eastern,EST,,-5
21117,KY,US/Eastern,EST,,-5
21119,KY,US/Eastern,EST,,-5
21121,KY,US/Eastern,EST,,-5
21123,KY,US/Eastern,EST,,-5
21125,KY,US/Eastern,EST,,-5
21127,KY,US/Eastern,EST,,-5
21129,KY,US/Eastern,EST,,-5
21131,KY,US/Eastern,EST,,-5
21133,KY,US/Eastern,EST,,-5
21135,KY,US/Eastern,EST,,-5
21137,KY,US/Eastern,EST,,-5
21139,KY,US/Central,CST,,-6
21141,KY,US/Central,CST,,-6
21143,KY,US/Central,CST,,-6
21145,KY,US/Central,CST,,-6
21147,KY,US/Eastern,EST,,-5
21149,KY,US/Central,CST,,-6
21151,KY,US/Eastern,EST,,-5
21153,KY,US/Eastern,EST,,-5
21155,KY,US/Eastern,EST,,-5
21157,KY,US/Central,CST,,-6
21159,KY,US/Eastern,EST,,-5
21161,KY,US/Eastern,EST,,-5
21163,KY,US/Eastern,EST,,-5
21165,KY,US/Eastern,EST,,-5
21167,KY,US/Eastern,EST,,-5
21169,KY,US/Central,CST,,-6
21171,KY,US/Central,CST,,-6
21173,KY,US/Eastern,EST,,-5
21175,KY,US/Eastern,EST,,-5
21177,KY,US/Central,CST,,-6
21179,KY,US/Eastern,EST,,-5
21181,KY,US/Eastern,EST,,-5
21183,KY,US/Central,CST,,-6
21185,KY,US/Eastern,EST,,-5
21187,KY,US/Eastern,EST,,-5
21189,KY,US/Eastern,EST,,-5
21191,KY,US/Eastern,EST,,-5
21193,KY,US/Eastern,EST,,-5
21195,KY,US/Eastern,EST,,-5
21197,KY,US/Eastern,EST,,-5
21199,KY,US/Eastern,EST,,-5
21201,KY,US/Eastern,EST,,-5
21203,KY,US/Eastern,EST,,-5
21205,KY,US/Eastern,EST,,-5
21207,KY,US/Central,CST,,-6
21209,KY,US/Eastern,EST,,-5
21211,KY,US/Eastern,EST,,-5
21213,KY,US/Central,CST,,-6
21215,KY,US/Eastern,EST,,-5
21217,KY,US/Eastern,EST,,-5
21219,KY,US/Central,CST,,-6
21221,KY,US/Central,CST,,-6
21223,KY,US/Eastern,EST,,-5
21225,KY,US/Central,CST,,-6
21227,KY,US/Central,CST,,-6
21229,KY,US/Eastern,EST,,-5
21231,KY,US/Eastern,EST,,-5
21233,KY,US/Central,CST,,-6
21235,KY,US/Eastern,EST,,-5
21237,KY,US/Eastern,EST,,-5
21239,KY,US/Eastern,EST,,-5
22001,LA,US/Central,CST,,-6
22003,LA,US/Central,CST,,-6
22005,LA,US/Central,CST,,-6
22007,LA,US/Central,CST,,-6
22009,LA,US/Central,CST,,-6
22011,LA,US/Central,CST,,-6
22013,LA,US/Central,CST,,-6
22015,LA,US/Central,CST,,-6
22017,LA,US/Central,CST,,-6
22019,LA,US/Central,CST,,-6
22021,LA,US/Central,CST,,-6
22023,LA,US/Central,CST,,-6
22025,LA,US/Central,CST,,-6
22027,LA,US/Central,CST,,-6
22029,LA,US/Central,CST,,-6
22031,LA,US/Central,CST,,-6
22033,LA,US/Central,CST,,-6
22035,LA,US/Central,CST,,-6
22037,LA,US/Central,CST,,-6
22039,LA,US/Central,CST,,-6
22041,LA,US/Central,CST,,-6
22043,LA,US/Central,CST,,-6
22045,LA,US/Central,CST,,-6
22047,LA,US/Central,CST,,-6
22049,LA,US/Central,CST,,-6
22051,LA,US/Central,CST,,-6
22053,LA,US/Central,CST,,-6
22055,LA,US/Central,CST,,-6
22057,LA,US/Central,CST,,-6
22059,LA,US/Central,CST,,-6
22061,LA,US/Central,CST,,-6
22063,LA,US/Central,CST,,-6
22065,LA,US/Central,CST,,-6
22067,LA,US/Central,CST,,-6
22069,LA,US/Central,CST,,-6
22071,LA,US/Central,CST,,-6
22073,LA,US/Central,CST,,-6
22075,LA,US/Central,CST,,-6
22077,LA,US/Central,CST,,-6
22079,LA,US/Central,CST,,-6
22081,LA,US/Central,CST,,-6
22083,LA,US/Central,CST,,-6
22085,LA,US/Central,CST,,-6
22087,LA,US/Central,CST,,-6
22089,LA,US/Central,CST,,-6
22091,LA,US/Central,CST,,-6
22093,LA,US/Central,CST,,-6
22095,LA,US/Central,CST,,-6
22097,LA,US/Central,CST,,-6
22099,LA,US/Central,CST,,-6
22101,LA,US/Central,CST,,-6
22103,LA,US/Central,CST,,-6
22105,LA,US/Central,CST,,-6
22107,LA,US/Central,CST,,-6
22109,LA,US/Central,CST,,-6
22111,LA,US/Central,CST,,-6
22113,LA,US/Central,CST,,-6
22115,LA,US/Central,CST,,-6
22117,LA,US/Central,CST,,-6
22119,LA,US/Central,CST,,-6
22121,LA,US/Central,CST,,-6
22123,LA,US/Central,CST,,-6
22125,LA,US/Central,CST,,-6
22127,LA,US/Central,CST,,-6
23001,ME,US/Eastern,EST,,-5
23003,ME,US/Eastern,EST,,-5
23005,ME,US/Eastern,EST,,-5
23007,ME,US/Eastern,EST,,-5
23009,ME,US/Eastern,EST,,-5
23011,ME,US/Eastern,EST,,-5
23013,ME,US/Eastern,EST,,-5
23015,ME,US/Eastern,EST,,-5
23017,ME,US/Eastern,EST,,-5
23019,ME,US/Eastern,EST,,-5
23021,ME,US/Eastern,EST,,-5
23023,ME,US/Eastern,EST,,-5
23025,ME,US/Eastern,EST,,-5
23027,ME,US/Eastern,EST,,-5
23029,ME,US/Eastern,EST,,-5
23031,ME,US/Eastern,EST,,-5
24001,MD,US/Eastern,EST,,-5
24003,MD,US/Eastern,EST,,-5
24005,MD,US/Eastern,EST,,-5
24009,MD,US/Eastern,EST,,-5
24011,MD,US/Eastern,EST,,-5
24013,MD,US/Eastern,EST,,-5
24015,MD,US/Eastern,EST,,-5
24017,MD,US/Eastern,EST,,-5
24019,MD,US/Eastern,EST,,-5
24021,MD,US/Eastern,EST,,-5
24023,MD,US/Eastern,EST,,-5
24025,MD,US/Eastern,EST,,-5
24027,MD,US/Eastern,EST,,-5
24029,MD,US/Eastern,EST,,-5
24031,MD,US/Eastern,EST,,-5
24033,MD,US/Eastern,EST,,-5
24035,MD,US/Eastern,EST,,-5
24037,MD,US/Eastern,EST,,-5
24039,MD,US/Eastern,EST,,-5
24041,MD,US/Eastern,EST,,-5
24043,MD,US/Eastern,EST,,-5
24045,MD,US/Eastern,EST,,-5
24047,MD,US/Eastern,EST,,-5
24510,MD,US/Eastern,EST,,-5
25001,MA,US/Eastern,EST,,-5
25003,MA,US/Eastern,EST,,-5
25005,MA,US/Eastern,EST,,-5
25007,MA,US/Eastern,EST,,-5
25009,MA,US/Eastern,EST,,-5
25011,MA,US/Eastern,EST,,-5
25013,MA,US/Eastern,EST,,-5
25015,MA,US/Eastern,EST,,-5
25017,MA,US/Eastern,EST,,-5
25019,MA,US/Eastern,EST,,-5
25021,MA,US/Eastern,EST,,-5
25023,MA,US/Eastern,EST,,-5
25025,MA,US/Eastern,EST,,-5
25027,MA,US/Eastern,EST,,-5
26001,MI,US/Eastern,EST,,-5
26003,MI,US/Eastern,EST,,-5
26005,MI,US/Eastern,EST,,-5
26007,MI,US/Eastern,EST,,-5
26009,MI,US/Eastern,EST,,-5
26011,MI,US/Eastern,EST,,-5
26013,MI,US/Eastern,EST,,-5
26015,MI,US/Eastern,EST,,-5
26017,MI,US/Eastern,EST,,-5
26019,MI,US/Eastern,EST,,-5
26021,MI,US/Eastern,EST,,-5
26023,MI,US/Eastern,EST,,-5
26025,MI,US/Eastern,EST,,-5
26027,MI,US/Eastern,EST,,-5
26029,MI,US/Eastern,EST,,-5
26031,MI,US/Eastern,EST,,-5
26033,MI,US/Eastern,EST,,-5
26035,MI,US/Eastern,EST,,-5
26037,MI,US/Eastern,EST,,-5
26039,MI,US/Eastern,EST,,-5
26041,MI,US/Eastern,EST,,-5
26043,MI,US/Central,CST,,-6
26045,MI,US/Eastern,EST,,-5
26047,MI,US/Eastern,EST,,-5
26049,MI,US/Eastern,EST,,-5
26051,MI,US/Eastern,EST,,-5
26053,MI,US/Central,CST,,-6
26055,MI,US/Eastern,EST,,-5
26057,MI,US/Eastern,EST,,-5
26059,MI,US/Eastern,EST,,-5
26061,MI,US/Eastern,EST,,-5
26063,MI,US/Eastern,EST,,-5
26065,MI,US/Eastern,EST,,-5
26067,MI,US/Eastern,EST,,-5
26069,MI,US/Eastern,EST,,-5
26071,MI,US/Central,CST,,-6
26073,MI,US/Eastern,EST,,-5
26075,MI,US/Eastern,EST,,-5
26077,MI,US/Eastern,EST,,-5
26079,MI,US/Eastern,EST,,-5
26081,MI,US/Eastern,EST,,-5
26083,MI,US/Eastern,EST,,-5
26085,MI,US/Eastern,EST,,-5
26087,MI,US/Eastern,EST,,-5
26089,MI,US/Eastern,EST,,-5
26091,MI,US/Eastern,EST,,-5
26093,MI,US/Eastern,EST,,-5
26095,MI,US/Eastern,EST,,-5
26097,MI,US/Eastern,EST,,-5
26099,MI,US/Eastern,EST,,-5
26101,MI,US/Eastern,EST,,-5
26103,MI,US/Eastern,EST,,-5
26105,MI,US/Eastern,EST,,-5
26107,MI,US/Eastern,EST,,-5
26109,MI,US/Central,CST,,-6
26111,MI,US/Eastern,EST,,-5
26113,MI,US/Eastern,EST,,-5
26115,MI,US/Eastern,EST,,-5
26117,MI,US/Eastern,EST,,-5
26119,MI,US/Eastern,EST,,-5
26121,MI,US/Eastern,EST,,-5
26123,MI,US/Eastern,EST,,-5
26125,MI,US/Eastern,EST,,-5
26127,MI,US/Eastern,EST,,-5
26129,MI,US/Eastern,EST,,-5
26131,MI,US/Eastern,EST,,-5
26133,MI,US/Eastern,EST,,-5
26135,MI,US/Eastern,EST,,-5
26137,MI,US/Eastern,EST,,-5
26139,MI,US/Eastern,EST,,-5
26141,MI,US/Eastern,EST,,-5
26143,MI,US/Eastern,EST,,-5
26145,MI,US/Eastern,EST,,-5
26147,MI,US/Eastern,EST,,-5
26149,MI,US/Eastern,EST,,-5
26151,MI,US/Eastern,EST,,-5
26153,MI,US/Eastern,EST,,-5
26155,MI,US/Eastern,EST,,-5
26157,MI,US/Eastern,EST,,-5
26159,MI,US/Eastern,EST,,-5
26161,MI,US/Eastern,EST,,-5
26163,MI,US/Eastern,EST,,-5
26165,MI,US/Eastern,EST,,-5
27001,MN,US/Central,CST,,-6
27003,MN,US/Central,CST,,-6
27005,MN,US/Central,CST,,-6
27007,MN,US/Central,CST,,-6
27009,MN,US/Central,CST,,-6
27011,MN,US/Central,CST,,-6
27013,MN,US/Central,CST,,-6
27015,MN,US/Central,CST,,-6
27017,MN,US/Central,CST,,-6
27019,MN,US/Central,CST,,-6
27021,MN,US/Central,CST,,-6
27023,MN,US/Central,CST,,-6
27025,MN,US/Central,CST,,-6
27027,MN,US/Central,CST,,-6
27029,MN,US/Central,CST,,-6
27031,MN,US/Central,CST,,-6
27033,MN,US/Central,CST,,-6
27035,MN,US/Central,CST,,-6
27037,MN,US/Central,CST,,-6
27039,MN,US/Central,CST,,-6
27041,MN,US/Central,CST,,-6
27043,MN,US/Central,CST,,-6
27045,MN,US/Central,CST,,-6
27047,MN,US/Central,CST,,-6
27049,MN,US/Central,CST,,-6
27051,MN,US/Central,CST,,-6
27053,MN,US/Central,CST,,-6
27055,MN,US/Central,CST,,-6
27057,MN,US/Central,CST,,-6
27059,MN,US/Central,CST,,-6
27061,MN,US/Central,CST,,-6
27063,MN,US/Central,CST,,-6
27065,MN,US/Central,CST,,-6
27067,MN,US/Central,CST,,-6
27069,MN,US/Central,CST,,-6
27071,MN,US/Central,CST,,-6
27073,MN,US/Central,CST,,-6
27075,MN,US/Central,CST,,-6
27077,MN,US/Central,CST,,-6
27079,MN,US/Central,CST,,-6
27081,MN,US/Central,CST,,-6
27083,MN,US/Central,CST,,-6
27085,MN,US/Central,CST,,-6
27087,MN,US/Central,CST,,-6
27089,MN,US/Central,CST,,-6
27091,MN,US/Central,CST,,-6
27093,MN,US/Central,CST,,-6
27095,MN,US/Central,CST,,-6
27097,MN,US/Central,CST,,-6
27099,MN,US/Central,CST,,-6
27101,MN,US/Central,CST,,-6
27103,MN,US/Central,CST,,-6
27105,MN,US/Central,CST,,-6
27107,MN,US/Central,CST,,-6
27109,MN,US/Central,CST,,-6
27111,MN,US/Central,CST,,-6
27113,MN,US/Central,CST,,-6
27115,MN,US/Central,CST,,-6
27117,MN,US/Central,CST,,-6
27119,MN,US/Central,CST,,-6
27121,MN,US/Central,CST,,-6
27123,MN,US/Central,CST,,-6
27125,MN,US/Central,CST,,-6
27127,MN,US/Central,CST,,-6
27129,MN,US/Central,CST,,-6
27131,MN,US/Central,CST,,-6
27133,MN,US/Central,CST,,-6
27135,MN,US/Central,CST,,-6
27137,MN,US/Central,CST,,-6
27139,MN,US/Central,CST,,-6
27141,MN,US/Central,CST,,-6
27143,MN,US/Central,CST,,-6
27145,MN,US/Central,CST,,-6
27147,MN,US/Central,CST,,-6
27149,MN,US/Central,CST,,-6
27151,MN,US/Central,CST,,-6
27153,MN,US/Central,CST,,-6
27155,MN,US/Central,CST,,-6
27157,MN,US/Central,CST,,-6
27159,MN,US/Central,CST,,-6
27161,MN,US/Central,CST,,-6
27163,MN,US/Central,CST,,-6
27165,MN,US/Central,CST,,-6
27167,MN,US/Central,CST,,-6
27169,MN,US/Central,CST,,-6
27171,MN,US/Central,CST,,-6
27173,MN,US/Central,CST,,-6
28001,MS,US/Central,CST,,-6
28003,MS,US/Central,CST,,-6
28005,MS,US/Central,CST,,-6
28007,MS,US/Central,CST,,-6
28009,MS,US/Central,CST,,-6
28011,MS,US/Central,CST,,-6
28013,MS,US/Central,CST,,-6
28015,MS,US/Central,CST,,-6
28017,MS,US/Central,CST,,-6
28019,MS,US/Central,CST,,-6
28021,MS,US/Central,CST,,-6
28023,MS,US/Central,CST,,-6
28025,MS,US/Central,CST,,-6
28027,MS,US/Central,CST,,-6
28029,MS,US/Central,CST,,-6
28031,MS,US/Central,CST,,-6
28033,MS,US/Central,CST,,-6
28035,MS,US/Central,CST,,-6
28037,MS,US/Central,CST,,-6
28039,MS,US/Central,CST,,-6
28041,MS,US/Central,CST,,-6
28043,MS,US/Central,CST,,-6
28045,MS,US/Central,CST,,-6
28047,MS,US/Central,CST,,-6
28049,MS,US/Central,CST,,-6
28051,MS,US/Central,CST,,-6
28053,MS,US/Central,CST,,-6
28055,MS,US/Central,CST,,-6
28057,MS,US/Central,CST,,-6
28059,MS,US/Central,CST,,-6
28061,MS,US/Central,CST,,-6
28063,MS,US/Central,CST,,-6
28065,MS,US/Central,CST,,-6
28067,MS,US/Central,CST,,-6
28069,MS,US/Central,CST,,-6
28071,MS,US/Central,CST,,-6
28073,MS,US/Central,CST,,-6
28075,MS,US/Central,CST,,-6
28077,MS,US/Central,CST,,-6
28079,MS,US/Central,CST,,-6
28081,MS,US/Central,CST,,-6
28083,MS,US/Central,CST,,-6
28085,MS,US/Central,CST,,-6
28087,MS,US/Central,CST,,-6
28089,MS,US/Central,CST,,-6
28091,MS,US/Central,CST,,-6
28093,MS,US/Central,CST,,-6
28095,MS,US/Central,CST,,-6
28097,MS,US/Central,CST,,-6
28099,MS,US/Central,CST,,-6
28101,MS,US/Central,CST,,-6
28103,MS,US/Central,CST,,-6
28105,MS,US/Central,CST,,-6
28107,MS,US/Central,CST,,-6
28109,MS,US/Central,CST,,-6
28111,MS,US/Central,CST,,-6
28113,MS,US/Central,CST,,-6
28115,MS,US/Central,CST,,-6
28117,MS,US/Central,CST,,-6
28119,MS,US/Central,CST,,-6
28121,MS,US/Central,CST,,-6
28123,MS,US/Central,CST,,-6
28125,MS,US/Central,CST,,-6
28127,MS,US/Central,CST,,-6
28129,MS,US/Central,CST,,-6
28131,MS,US/Central,CST,,-6
28133,MS,US/Central,CST,,-6
28135,MS,US/Central,CST,,-6
28137,MS,US/Central,CST,,-6
28139,MS,US/Central,CST,,-6
28141,MS,US/Central,CST,,-6
28143,MS,US/Central,CST,,-6
28145,MS,US/Central,CST,,-6
28147,MS,US/Central,CST,,-6
28149,MS,US/Central,CST,,-6
28151,MS,US/Central,CST,,-6
28153,MS,US/Central,CST,,-6
28155,MS,US/Central,CST,,-6
28157,MS,US/Central,CST,,-6
28159,MS,US/Central,CST,,-6
28161,MS,US/Central,CST,,-6
28163,MS,US/Central,CST,,-6
29001,MO,US/Central,CST,,-6
29003,MO,US/Central,CST,,-6
29005,MO,US/Central,CST,,-6
29007,MO,US/Central,CST,,-6
29009,MO,US/Central,CST,,-6
29011,MO,US/Central,CST,,-6
29013,MO,US/Central,CST,,-6
29015,MO,US/Central,CST,,-6
29017,MO,US/Central,CST,,-6
29019,MO,US/Central,CST,,-6
29021,MO,US/Central,CST,,-6
29023,MO,US/Central,CST,,-6
29025,MO,US/Central,CST,,-6
29027,MO,US/Central,CST,,-6
29029,MO,US/Central,CST,,-6
29031,MO,US/Central,CST,,-6
29033,MO,US/Central,CST,,-6
29035,MO,US/Central,CST,,-6
29037,MO,US/Central,CST,,-6
29039,MO,US/Central,CST,,-6
29041,MO,US/Central,CST,,-6
29043,MO,US/Central,CST,,-6
29045,MO,US/Central,CST,,-6
29047,MO,US/Central,CST,,-6
29049,MO,US/Central,CST,,-6
29051,MO,US/Central,CST,,-6
29053,MO,US/Central,CST,,-6
29055,MO,US/Central,CST,,-6
29057,MO,US/Central,CST,,-6
29059,MO,US/Central,CST,,-6
29061,MO,US/Central,CST,,-6
29063,MO,US/Central,CST,,-6
29065,MO,US/Central,CST,,-6
29067,MO,US/Central,CST,,-6
29069,MO,US/Central,CST,,-6
29071,MO,US/Central,CST,,-6
29073,MO,US/Central,CST,,-6
29075,MO,US/Central,CST,,-6
29077,MO,US/Central,CST,,-6
29079,MO,US/Central,CST,,-6
29081,MO,US/Central,CST,,-6
29083,MO,US/Central,CST,,-6
29085,MO,US/Central,CST,,-6
29087,MO,US/Central,CST,,-6
29089,MO,US/Central,CST,,-6
29091,MO,US/Central,CST,,-6
29093,MO,US/Central,CST,,-6
29095,MO,US/Central,CST,,-6
29097,MO,US/Central,CST,,-6
29099,MO,US/Central,CST,,-6
29101,MO,US/Central,CST,,-6
29103,MO,US/Central,CST,,-6
29105,MO,US/Central,CST,,-6
29107,MO,US/Central,CST,,-6
29109,MO,US/Central,CST,,-6
29111,MO,US/Central,CST,,-6
29113,MO,US/Central,CST,,-6
29115,MO,US/Central,CST,,-6
29117,MO,US/Central,CST,,-6
29119,MO,US/Central,CST,,-6
29121,MO,US/Central,CST,,-6
29123,MO,US/Central,CST,,-6
29125,MO,US/Central,CST,,-6
29127,MO,US/Central,CST,,-6
29129,MO,US/Central,CST,,-6
29131,MO,US/Central,CST,,-6
29133,MO,US/Central,CST,,-6
29135,MO,US/Central,CST,,-6
29137,MO,US/Central,CST,,-6
29139,MO,US/Central,CST,,-6
29141,MO,US/Central,CST,,-6
29143,MO,US/Central,CST,,-6
29145,MO,US/Central,CST,,-6
29147,MO,US/Central,CST,,-6
29149,MO,US/Central,CST,,-6
29151,MO,US/Central,CST,,-6
29153,MO,US/Central,CST,,-6
29155,MO,US/Central,CST,,-6
29157,MO,US/Central,CST,,-6
29159,MO,US/Central,CST,,-6
29161,MO,US/Central,CST,,-6
29163,MO,US/Central,CST,,-6
29165,MO,US/Central,CST,,-6
29167,MO,US/Central,CST,,-6
29169,MO,US/Central,CST,,-6
29171,MO,US/Central,CST,,-6
29173,MO,US/Central,CST,,-6
29175,MO,US/Central,CST,,-6
29177,MO,US/Central,CST,,-6
29179,MO,US/Central,CST,,-6
29181,MO,US/Central,CST,,-6
29183,MO,US/Central,CST,,-6
29185,MO,US/Central,CST,,-6
29186,MO,US/Central,CST,,-6
29187,MO,US/Central,CST,,-6
29189,MO,US/Central,CST,,-6
29195,MO,US/Central,CST,,-6
29197,MO,US/Central,CST,,-6
29199,MO,US/Central,CST,,-6
29201,MO,US/Central,CST,,-6
29203,MO,US/Central,CST,,-6
29205,MO,US/Central,CST,,-6
29207,MO,US/Central,CST,,-6
29209,MO,US/Central,CST,,-6
29211,MO,US/Central,CST,,-6
29213,MO,US/Central,CST,,-6
29215,MO,US/Central,CST,,-6
29217,MO,US/Central,CST,,-6
29219,MO,US/Central,CST,,-6
29221,MO,US/Central,CST,,-6
29223,MO,US/Central,CST,,-6
29225,MO,US/Central,CST,,-6
29227,MO,US/Central,CST,,-6
29229,MO,US/Central,CST,,-6
29510,MO,US/Central,CST,,-6
30001,MT,US/Mountain,MST,,-7
30003,MT,US/Mountain,MST,,-7
30005,MT,US/Mountain,MST,,-7
30007,MT,US/Mountain,MST,,-7
30009,MT,US/Mountain,MST,,-7
30011,MT,US/Mountain,MST,,-7
30013,MT,US/Mountain,MST,,-7
30015,MT,US/Mountain,MST,,-7
30017,MT,US/Mountain,MST,,-7
30019,MT,US/Mountain,MST,,-7
30021,MT,US/Mountain,MST,,-7
30023,MT,US/Mountain,MST,,-7
30025,MT,US/Mountain,MST,,-7
30027,MT,US/Mountain,MST,,-7
30029,MT,US/Mountain,MST,,-7
30031,MT,US/Mountain,MST,,-7
30033,MT,US/Mountain,MST,,-7
30035,MT,US/Mountain,MST,,-7
30037,MT,US/Mountain,MST,,-7
30039,MT,US/Mountain,MST,,-7
30041,MT,US/Mountain,MST,,-7
30043,MT,US/Mountain,MST,,-7
30045,MT,US/Mountain,MST,,-7
30047,MT,US/Mountain,MST,,-7
30049,MT,US/Mountain,MST,,-7
30051,MT,US/Mountain,MST,,-7
30053,MT,US/Mountain,MST,,-7
30055,MT,US/Mountain,MST,,-7
30057,MT,US/Mountain,MST,,-7
30059,MT,US/Mountain,MST,,-7
30061,MT,US/Mountain,MST,,-7
30063,MT,US/Mountain,MST,,-7
30065,MT,US/Mountain,MST,,-7
30067,MT,US/Mountain,MST,,-7
30069,MT,US/Mountain,MST,,-7
30071,MT,US/Mountain,MST,,-7
30073,MT,US/Mountain,MST,,-7
30075,MT,US/Mountain,MST,,-7
30077,MT,US/Mountain,MST,,-7
30079,MT,US/Mountain,MST,,-7
30081,MT,US/Mountain,MST,,-7
30083,MT,US/Mountain,MST,,-7
30085,MT,US/Mountain,MST,,-7
30087,MT,US/Mountain,MST,,-7
30089,MT,US/Mountain,MST,,-7
30091,MT,US/Mountain,MST,,-7
30093,MT,US/Mountain,MST,,-7
30095,MT,US/Mountain,MST,,-7
30097,MT,US/Mountain,MST,,-7
30099,MT,US/Mountain,MST,,-7
30101,MT,US/Mountain,MST,,-7
30103,MT,US/Mountain,MST,,-7
30105,MT,US/Mountain,MST,,-7
30107,MT,US/Mountain,MST,,-7
30109,MT,US/Mountain,MST,,-7
30111,MT,US/Mountain,MST,,-7
31001,NE,US/Central,CST,,-6
31003,NE,US/Central,CST,,-6
31005,NE,US/Mountain,MST,,-7
31007,NE,US/Mountain,MST,,-7
31009,NE,US/Central,CST,,-6
31011,NE,US/Central,CST,,-6
31013,NE,US/Mountain,MST,,-7
31015,NE,US/Central,CST,,-6
31017,NE,US/Central,CST,,-6
31019,NE,US/Central,CST,,-6
31021,NE,US/Central,CST,,-6
31023,NE,US/Central,CST,,-6
31025,NE,US/Central,CST,,-6
31027,NE,US/Central,CST,,-6
31029,NE,US/Mountain,MST,,-7
31031,NE,US/Mountain,MST,,-7
31033,NE,US/Mountain,MST,,-7
31035,NE,US/Central,CST,,-6
31037,NE,US/Central,CST,,-6
31039,NE,US/Central,CST,,-6
31041,NE,US/Central,CST,,-6
31043,NE,US/Central,CST,,-6
31045,NE,US/Mountain,MST,,-7
31047,NE,US/Central,CST,,-6
31049,NE,US/Mountain,MST,,-7
31051,NE,US/Central,CST,,-6
31053,NE,US/Central,CST,,-6
31055,NE,US/Central,CST,,-6
31057,NE,US/Mountain,MST,,-7
31059,NE,US/Central,CST,,-6
31061,NE,US/Central,CST,,-6
31063,NE,US/Central,CST,,-6
31065,NE,US/Central,CST,,-6
31067,NE,US/Central,CST,,-6
31069,NE,US/Mountain,MST,,-7
31071,NE,US/Central,CST,,-6
31073,NE,US/Central,CST,,-6
31075,NE,US/Mountain,MST,,-7
31077,NE,US/Central,CST,,-6
31079,NE,US/Central,CST,,-6
31081,NE,US/Central,CST,,-6
31083,NE,US/Central,CST,,-6
31085,NE,US/Central,CST,,-6
31087,NE,US/Central,CST,,-6
31089,NE,US/Central,CST,,-6
31091,NE,US/Mountain,MST,,-7
31093,NE,US/Central,CST,,-6
31095,NE,US/Central,CST,,-6
31097,NE,US/Central,CST,,-6
31099,NE,US/Central,CST,,-6
31101,NE,US/Mountain,MST,,-7
31103,NE,US/Central,CST,,-6
31105,NE,US/Mountain,MST,,-7
31107,NE,US/Central,CST,,-6
31109,NE,US/Central,CST,,-6
31111,NE,US/Central,CST,,-6
31113,NE,US/Central,CST,,-6
31115,NE,US/Central,CST,,-6
31117,NE,US/Central,CST,,-6
31119,NE,US/Central,CST,,-6
31121,NE,US/Central,CST,,-6
31123,NE,US/Mountain,MST,,-7
31125,NE,US/Central,CST,,-6
31127,NE,US/Central,CST,,-6
31129,NE,US/Central,CST,,-6
31131,NE,US/Central,CST,,-6
31133,NE,US/Central,CST,,-6
31135,NE,US/Mountain,MST,,-7
31137,NE,US/Central,CST,,-6
31139,NE,US/Central,CST,,-6
31141,NE,US/Central,CST,,-6
31143,NE,US/Central,CST,,-6
31145,NE,US/Central,CST,,-6
31147,NE,US/Central,CST,,-6
31149,NE,US/Central,CST,,-6
31151,NE,US/Central,CST,,-6
31153,NE,US/Central,CST,,-6
31155,NE,US/Central,CST,,-6
31157,NE,US/Mountain,MST,,-7
31159,NE,US/Central,CST,,-6
31161,NE,US/Mountain,MST,,-7
31163,NE,US/Central,CST,,-6
31165,NE,US/Mountain,MST,,-7
31167,NE,US/Central,CST,,-6
31169,NE,US/Central,CST,,-6
31171,NE,US/Central,CST,,-6
31173,NE,US/Central,CST,,-6
31175,NE,US/Central,CST,,-6
31177,NE,US/Central,CST,,-6
31179,NE,US/Central,CST,,-6
31181,NE,US/Central,CST,,-6
31183,NE,US/Central,CST,,-6
31185,NE,US/Central,CST,,-6
32001,NV,US/Pacific,PST,,-8
32003,NV,US/Pacific,PST,,-8
32005,NV,US/Pacific,PST,,-8
32007,NV,US/Pacific,PST,,-8
32009,NV,US/Pacific,PST,,-8
32011,NV,US/Pacific,PST,,-8
32013,NV,US/Pacific,PST,,-8
32015,NV,US/Pacific,PST,,-8
32017,NV,US/Pacific,PST,,-8
32019,NV,US/Pacific,PST,,-8
32021,NV,US/Pacific,PST,,-8
32023,NV,US/Pacific,PST,,-8
32027,NV,US/Pacific,PST,,-8
32029,NV,US/Pacific,PST,,-8
32031,NV,US/Pacific,PST,,-8
32033,NV,US/Pacific,PST,,-8
32510,NV,US/Pacific,PST,,-8
33001,NH,US/Eastern,EST,,-5
33003,NH,US/Eastern,EST,,-5
33005,NH,US/Eastern,EST,,-5
33007,NH,US/Eastern,EST,,-5
33009,NH,US/Eastern,EST,,-5
33011,NH,US/Eastern,EST,,-5
33013,NH,US/Eastern,EST,,-5
33015,NH,US/Eastern,EST,,-5
33017,NH,US/Eastern,EST,,-5
33019,NH,US/Eastern,EST,,-5
34001,NJ,US/Eastern,EST,,-5
34003,NJ,US/Eastern,EST,,-5
34005,NJ,US/Eastern,EST,,-5
34007,NJ,US/Eastern,EST,,-5
34009,NJ,US/Eastern,EST,,-5
34011,NJ,US/Eastern,EST,,-5
34013,NJ,US/Eastern,EST,,-5
34015,NJ,US/Eastern,EST,,-5
34017,NJ,US/Eastern,EST,,-5
34019,NJ,US/Eastern,EST,,-5
34021,NJ,US/Eastern,EST,,-5
34023,NJ,US/Eastern,EST,,-5
34025,NJ,US/Eastern,EST,,-5
34027,NJ,US/Eastern,EST,,-5
34029,NJ,US/Eastern,EST,,-5
34031,NJ,US/Eastern,EST,,-5
34033,NJ,US/Eastern,EST,,-5
34035,NJ,US/Eastern,EST,,-5
34037,NJ,US/Eastern,EST,,-5
34039,NJ,US/Eastern,EST,,-5
34041,NJ,US/Eastern,EST,,-5
35001,NM,US/Mountain,MST,,-7
35003,NM,US/Mountain,MST,,-7
35005,NM,US/Mountain,MST,,-7
35006,NM,US/Mountain,MST,,-7
35007,NM,US/Mountain,MST,,-7
35009,NM,US/Mountain,MST,,-7
35011,NM,US/Mountain,MST,,-7
35013,NM,US/Mountain,MST,,-7
35015,NM,US/Mountain,MST,,-7
35017,NM,US/Mountain,MST,,-7
35019,NM,US/Mountain,MST,,-7
35021,NM,US/Mountain,MST,,-7
35023,NM,US/Mountain,MST,,-7
35025,NM,US/Mountain,MST,,-7
35027,NM,US/Mountain,MST,,-7
35028,NM,US/Mountain,MST,,-7
35029,NM,US/Mountain,MST,,-7
35031,NM,US/Mountain,MST,,-7
35033,NM,US/Mountain,MST,,-7
35035,NM,US/Mountain,MST,,-7
35037,NM,US/Mountain,MST,,-7
35039,NM,US/Mountain,MST,,-7
35041,NM,US/Mountain,MST,,-7
35043,NM,US/Mountain,MST,,-7
35045,NM,US/Mountain,MST,,-7
35047,NM,US/Mountain,MST,,-7
35049,NM,US/Mountain,MST,,-7
35051,NM,US/Mountain,MST,,-7
35053,NM,US/Mountain,MST,,-7
35055,NM,US/Mountain,MST,,-7
35057,NM,US/Mountain,MST,,-7
35059,NM,US/Mountain,MST,,-7
35061,NM,US/Mountain,MST,,-7
36001,NY,US/Eastern,EST,,-5
36003,NY,US/Eastern,EST,,-5
36005,NY,US/Eastern,EST,,-5
36007,NY,US/Eastern,EST,,-5
36009,NY,US/Eastern,EST,,-5
36011,NY,US/Eastern,EST,,-5
36013,NY,US/Eastern,EST,,-5
36015,NY,US/Eastern,EST,,-5
36017,NY,US/Eastern,EST,,-5
36019,NY,US/Eastern,EST,,-5
36021,NY,US/Eastern,EST,,-5
36023,NY,US/Eastern,EST,,-5
36025,NY,US/Eastern,EST,,-5
36027,NY,US/Eastern,EST,,-5
36029,NY,US/Eastern,EST,,-5
36031,NY,US/Eastern,EST,,-5
36033,NY,US/Eastern,EST,,-5
36035,NY,US/Eastern,EST,,-5
36037,NY,US/Eastern,EST,,-5
36039,NY,US/Eastern,EST,,-5
36041,NY,US/Eastern,EST,,-5
36043,NY,US/Eastern,EST,,-5
36045,NY,US/Eastern,EST,,-5
36047,NY,US/Eastern,EST,,-5
36049,NY,US/Eastern,EST,,-5
36051,NY,US/Eastern,EST,,-5
36053,NY,US/Eastern,EST,,-5
36055,NY,US/Eastern,EST,,-5
36057,NY,US/Eastern,EST,,-5
36059,NY,US/Eastern,EST,,-5
36061,NY,US/Eastern,EST,,-5
36063,NY,US/Eastern,EST,,-5
36065,NY,US/Eastern,EST,,-5
36067,NY,US/Eastern,EST,,-5
36069,NY,US/Eastern,EST,,-5
36071,NY,US/Eastern,EST,,-5
36073,NY,US/Eastern,EST,,-5
36075,NY,US/Eastern,EST,,-5
36077,NY,US/Eastern,EST,,-5
36079,NY,US/Eastern,EST,,-5
36081,NY,US/Eastern,EST,,-5
36083,NY,US/Eastern,EST,,-5
36085,NY,US/Eastern,EST,,-5
36087,NY,US/Eastern,EST,,-5
36089,NY,US/Eastern,EST,,-5
36091,NY,US/Eastern,EST,,-5
36093,NY,US/Eastern,EST,,-5
36095,NY,US/Eastern,EST,,-5
36097,NY,US/Eastern,EST,,-5
36099,NY,US/Eastern,EST,,-5
36101,NY,US/Eastern,EST,,-5
36103,NY,US/Eastern,EST,,-5
36105,NY,US/Eastern,EST,,-5
36107,NY,US/Eastern,EST,,-5
36109,NY,US/Eastern,EST,,-5
36111,NY,US/Eastern,EST,,-5
36113,NY,US/Eastern,EST,,-5
36115,NY,US/Eastern,EST,,-5
36117,NY,US/Eastern,EST,,-5
36119,NY,US/Eastern,EST,,-5
36121,NY,US/Eastern,EST,,-5
36123,NY,US/Eastern,EST,,-5
37001,NC,US/Eastern,EST,,-5
37003,NC,US/Eastern,EST,,-5
37005,NC,US/Eastern,EST,,-5
37007,NC,US/Eastern,EST,,-5
37009,NC,US/Eastern,EST,,-5
37011,NC,US/Eastern,EST,,-5
37013,NC,US/Eastern,EST,,-5
37015,NC,US/Eastern,EST,,-5
37017,NC,US/Eastern,EST,,-5
37019,NC,US/Eastern,EST,,-5
37021,NC,US/Eastern,EST,,-5
37023,NC,US/Eastern,EST,,-5
37025,NC,US/Eastern,EST,,-5
37027,NC,US/Eastern,EST,,-5
37029,NC,US/Eastern,EST,,-5
37031,NC,US/Eastern,EST,,-5
37033,NC,US/Eastern,EST,,-5
37035,NC,US/Eastern,EST,,-5
37037,NC,US/Eastern,EST,,-5
37039,NC,US/Eastern,EST,,-5
37041,NC,US/Eastern,EST,,-5
37043,NC,US/Eastern,EST,,-5
37045,NC,US/Eastern,EST,,-5
37047,NC,US/Eastern,EST,,-5
37049,NC,US/Eastern,EST,,-5
37051,NC,US/Eastern,EST,,-5
37053,NC,US/Eastern,EST,,-5
37055,NC,US/Eastern,EST,,-5
37057,NC,US/Eastern,EST,,-5
37059,NC,US/Eastern,EST,,-5
37061,NC,US/Eastern,EST,,-5
37063,NC,US/Eastern,EST,,-5
37065,NC,US/Eastern,EST,,-5
37067,NC,US/Eastern,EST,,-5
37069,NC,US/Eastern,EST,,-5
37071,NC,US/Eastern,EST,,-5
37073,NC,US/Eastern,EST,,-5
37075,NC,US/Eastern,EST,,-5
37077,NC,US/Eastern,EST,,-5
37079,NC,US/Eastern,EST,,-5
37081,NC,US/Eastern,EST,,-5
37083,NC,US/Eastern,EST,,-5
37085,NC,US/Eastern,EST,,-5
37087,NC,US/Eastern,EST,,-5
37089,NC,US/Eastern,EST,,-5
37091,NC,US/Eastern,EST,,-5
37093,NC,US/Eastern,EST,,-5
37095,NC,US/Eastern,EST,,-5
37097,NC,US/Eastern,EST,,-5
37099,NC,US/Eastern,EST,,-5
37101,NC,US/Eastern,EST,,-5
37103,NC,US/Eastern,EST,,-5
37105,NC,US/Eastern,EST,,-5
37107,NC,US/Eastern,EST,,-5
37109,NC,US/Eastern,EST,,-5
37111,NC,US/Eastern,EST,,-5
37113,NC,US/Eastern,EST,,-5
37115,NC,US/Eastern,EST,,-5
37117,NC,US/Eastern,EST,,-5
37119,NC,US/Eastern,EST,,-5
37121,NC,US/Eastern,EST,,-5
37123,NC,US/Eastern,EST,,-5
37125,NC,US/Eastern,EST,,-5
37127,NC,US/Eastern,EST,,-5
37129,NC,US/Eastern,EST,,-5
37131,NC,US/Eastern,EST,,-5
37133,NC,US/Eastern,EST,,-5
37135,NC,US/Eastern,EST,,-5
37137,NC,US/Eastern,EST,,-5
37139,NC,US/Eastern,EST,,-5
37141,NC,US/Eastern,EST,,-5
37143,NC,US/Eastern,EST,,-5
37145,NC,US/Eastern,EST,,-5
37147,NC,US/Eastern,EST,,-5
37149,NC,US/Eastern,EST,,-5
37151,NC,US/Eastern,EST,,-5
37153,NC,US/Eastern,EST,,-5
37155,NC,US/Eastern,EST,,-5
37157,NC,US/Eastern,EST,,-5
37159,NC,US/Eastern,EST,,-5
37161,NC,US/Eastern,EST,,-5
37163,NC,US/Eastern,EST,,-5
37165,NC,US/Eastern,EST,,-5
37167,NC,US/Eastern,EST,,-5
37169,NC,US/Eastern,EST,,-5
37171,NC,US/Eastern,EST,,-5
37173,NC,US/Eastern,EST,,-5
37175,NC,US/Eastern,EST,,-5
37177,NC,US/Eastern,EST,,-5
37179,NC,US/Eastern,EST,,-5
37181,NC,US/Eastern,EST,,-5
37183,NC,US/Eastern,EST,,-5
37185,NC,US/Eastern,EST,,-5
37187,NC,US/Eastern,EST,,-5
37189,NC,US/Eastern,EST,,-5
37191,NC,US/Eastern,EST,,-5
37193,NC,US/Eastern,EST,,-5
37195,NC,US/Eastern,EST,,-5
37197,NC,US/Eastern,EST,,-5
37199,NC,US/Eastern,EST,,-5
38001,ND,US/Mountain,MST,,-7
38003,ND,US/Central,CST,,-6
38005,ND,US/Central,CST,,-6
38007,ND,US/Mountain,MST,,-7
38009,ND,US/Central,CST,,-6
38011,ND,US/Mountain,MST,,-7
38013,ND,US/Central,CST,,-6
38015,ND,US/Central,CST,,-6
38017,ND,US/Central,CST,,-6
38019,ND,US/Central,CST,,-6
38021,ND,US/Central,CST,,-6
38023,ND,US/Central,CST,,-6
38025,ND,US/Mountain,MST,,-7
38027,ND,US/Central,CST,,-6
38029,ND,US/Central,CST,,-6
38031,ND,US/Central,CST,,-6
38033,ND,US/Mountain,MST,,-7
38035,ND,US/Central,CST,,-6
38037,ND,US/Mountain,MST,,-7
38039,ND,US/Central,CST,,-6
38041,ND,US/Mountain,MST,,-7
38043,ND,US/Central,CST,,-6
38045,ND,US/Central,CST,,-6
38047,ND,US/Central,CST,,-6
38049,ND,US/Central,CST,,-6
38051,ND,US/Central,CST,,-6
38053,ND,US/Mountain,MST,,-7
38055,ND,US/Central,CST,,-6
38057,ND,US/Central,CST,,-6
38059,ND,US/Central,CST,,-6
38061,ND,US/Central,CST,,-6
38063,ND,US/Central,CST,,-6
38065,ND,US/Central,CST,,-6
38067,ND,US/Central,CST,,-6
38069,ND,US/Central,CST,,-6
38071,ND,US/Central,CST,,-6
38073,ND,US/Central,CST,,-6
38075,ND,US/Central,CST,,-6
38077,ND,US/Central,CST,,-6
38079,ND,US/Central,CST,,-6
38081,ND,US/Central,CST,,-6
38083,ND,US/Central,CST,,-6
38085,ND,US/Central,CST,,-6
38087,ND,US/Mountain,MST,,-7
38089,ND,US/Mountain,MST,,-7
38091,ND,US/Central,CST,,-6
38093,ND,US/Central,CST,,-6
38095,ND,US/Central,CST,,-6
38097,ND,US/Central,CST,,-6
38099,ND,US/Central,CST,,-6
38101,ND,US/Central,CST,,-6
38103,ND,US/Central,CST,,-6
38105,ND,US/Central,CST,,-6
39001,OH,US/Eastern,EST,,-5
39003,OH,US/Eastern,EST,,-5
39005,OH,US/Eastern,EST,,-5
39007,OH,US/Eastern,EST,,-5
39009,OH,US/Eastern,EST,,-5
39011,OH,US/Eastern,EST,,-5
39013,OH,US/Eastern,EST,,-5
39015,OH,US/Eastern,EST,,-5
39017,OH,US/Eastern,EST,,-5
39019,OH,US/Eastern,EST,,-5
39021,OH,US/Eastern,EST,,-5
39023,OH,US/Eastern,EST,,-5
39025,OH,US/Eastern,EST,,-5
39027,OH,US/Eastern,EST,,-5
39029,OH,US/Eastern,EST,,-5
39031,OH,US/Eastern,EST,,-5
39033,OH,US/Eastern,EST,,-5
39035,OH,US/Eastern,EST,,-5
39037,OH,US/Eastern,EST,,-5
39039,OH,US/Eastern,EST,,-5
39041,OH,US/Eastern,EST,,-5
39043,OH,US/Eastern,EST,,-5
39045,OH,US/Eastern,EST,,-5
39047,OH,US/Eastern,EST,,-5
39049,OH,US/Eastern,EST,,-5
39051,OH,US/Eastern,EST,,-5
39053,OH,US/Eastern,EST,,-5
39055,OH,US/Eastern,EST,,-5
39057,OH,US/Eastern,EST,,-5
39059,OH,US/Eastern,EST,,-5
39061,OH,US/Eastern,EST,,-5
39063,OH,US/Eastern,EST,,-5
39065,OH,US/Eastern,EST,,-5
39067,OH,US/Eastern,EST,,-5
39069,OH,US/Eastern,EST,,-5
39071,OH,US/Eastern,EST,,-5
39073,OH,US/Eastern,EST,,-5
39075,OH,US/Eastern,EST,,-5
39077,OH,US/Eastern,EST,,-5
39079,OH,US/Eastern,EST,,-5
39081,OH,US/Eastern,EST,,-5
39083,OH,US/Eastern,EST,,-5
39085,OH,US/Eastern,EST,,-5
39087,OH,US/Eastern,EST,,-5
39089,OH,US/Eastern,EST,,-5
39091,OH,US/Eastern,EST,,-5
39093,OH,US/Eastern,EST,,-5
39095,OH,US/Eastern,EST,,-5
39097,OH,US/Eastern,EST,,-5
39099,OH,US/Eastern,EST,,-5
39101,OH,US/Eastern,EST,,-5
39103,OH,US/Eastern,EST,,-5
39105,OH,US/Eastern,EST,,-5
39107,OH,US/Eastern,EST,,-5
39109,OH,US/Eastern,EST,,-5
39111,OH,US/Eastern,EST,,-5
39113,OH,US/Eastern,EST,,-5
39115,OH,US/Eastern,EST,,-5
39117,OH,US/Eastern,EST,,-5
39119,OH,US/Eastern,EST,,-5
39121,OH,US/Eastern,EST,,-5
39123,OH,US/Eastern,EST,,-5
39125,OH,US/Eastern,EST,,-5
39127,OH,US/Eastern,EST,,-5
39129,OH,US/Eastern,EST,,-5
39131,OH,US/Eastern,EST,,-5
39133,OH,US/Eastern,EST,,-5
39135,OH,US/Eastern,EST,,-5
39137,OH,US/Eastern,EST,,-5
39139,OH,US/Eastern,EST,,-5
39141,OH,US/Eastern,EST,,-5
39143,OH,US/Eastern,EST,,-5
39145,OH,US/Eastern,EST,,-5
39147,OH,US/Eastern,EST,,-5
39149,OH,US/Eastern,EST,,-5
39151,OH,US/Eastern,EST,,-5
39153,OH,US/Eastern,EST,,-5
39155,OH,US/Eastern,EST,,-5
39157,OH,US/Eastern,EST,,-5
39159,OH,US/Eastern,EST,,-5
39161,OH,US/Eastern,EST,,-5
39163,OH,US/Eastern,EST,,-5
39165,OH,US/Eastern,EST,,-5
39167,OH,US/Eastern,EST,,-5
39169,OH,US/Eastern,EST,,-5
39171,OH,US/Eastern,EST,,-5
39173,OH,US/Eastern,EST,,-5
39175,OH,US/Eastern,EST,,-5
40001,OK,US/Central,CST,,-6
40003,OK,US/Central,CST,,-6
40005,OK,US/Central,CST,,-6
40007,OK,US/Central,CST,,-6
40009,OK,US/Central,CST,,-6
40011,OK,US/Central,CST,,-6
40013,OK,US/Central,CST,,-6
40015,OK,US/Central,CST,,-6
40017,OK,US/Central,CST,,-6
40019,OK,US/Central,CST,,-6
40021,OK,US/Central,CST,,-6
40023,OK,US/Central,CST,,-6
40025,OK,US/Central,CST,,-6
40027,OK,US/Central,CST,,-6
40029,OK,US/Central,CST,,-6
40031,OK,US/Central,CST,,-6
40033,OK,US/Central,CST,,-6
40035,OK,US/Central,CST,,-6
40037,OK,US/Central,CST,,-6
40039,OK,US/Central,CST,,-6
40041,OK,US/Central,CST,,-6
40043,OK,US/Central,CST,,-6
40045,OK,US/Central,CST,,-6
40047,OK,US/Central,CST,,-6
40049,OK,US/Central,CST,,-6
40051,OK,US/Central,CST,,-6
40053,OK,US/Central,CST,,-6
40055,OK,US/Central,CST,,-6
40057,OK,US/Central,CST,,-6
40059,OK,US/Central,CST,,-6
40061,OK,US/Central,CST,,-6
40063,OK,US/Central,CST,,-6
40065,OK,US/Central,CST,,-6
40067,OK,US/Central,CST,,-6
40069,OK,US/Central,CST,,-6
40071,OK,US/Central,CST,,-6
40073,OK,US/Central,CST,,-6
40075,OK,US/Central,CST,,-6
40077,OK,US/Central,CST,,-6
40079,OK,US/Central,CST,,-6
40081,OK,US/Central,CST,,-6
40083,OK,US/Central,CST,,-6
40085,OK,US/Central,CST,,-6
40087,OK,US/Central,CST,,-6
40089,OK,US/Central,CST,,-6
40091,OK,US/Central,CST,,-6
40093,OK,US/Central,CST,,-6
40095,OK,US/Central,CST,,-6
40097,OK,US/Central,CST,,-6
40099,OK,US/Central,CST,,-6
40101,OK,US/Central,CST,,-6
40103,OK,US/Central,CST,,-6
40105,OK,US/Central,CST,,-6
40107,OK,US/Central,CST,,-6
40109,OK,US/Central,CST,,-6
40111,OK,US/Central,CST,,-6
40113,OK,US/Central,CST,,-6
40115,OK,US/Central,CST,,-6
40117,OK,US/Central,CST,,-6
40119,OK,US/Central,CST,,-6
40121,OK,US/Central,CST,,-6
40123,OK,US/Central,CST,,-6
40125,OK,US/Central,CST,,-6
40127,OK,US/Central,CST,,-6
40129,OK,US/Central,CST,,-6
40131,OK,US/Central,CST,,-6
40133,OK,US/Central,CST,,-6
40135,OK,US/Central,CST,,-6
40137,OK,US/Central,CST,,-6
40139,OK,US/Central,CST,,-6
40141,OK,US/Central,CST,,-6
40143,OK,US/Central,CST,,-6
40145,OK,US/Central,CST,,-6
40147,OK,US/Central,CST,,-6
40149,OK,US/Central,CST,,-6
40151,OK,US/Central,CST,,-6
40153,OK,US/Central,CST,,-6
41001,OR,US/Pacific,PST,,-8
41003,OR,US/Pacific,PST,,-8
41005,OR,US/Pacific,PST,,-8
41007,OR,US/Pacific,PST,,-8
41009,OR,US/Pacific,PST,,-8
41011,OR,US/Pacific,PST,,-8
41013,OR,US/Pacific,PST,,-8
41015,OR,US/Pacific,PST,,-8
41017,OR,US/Pacific,PST,,-8
41019,OR,US/Pacific,PST,,-8
41021,OR,US/Pacific,PST,,-8
41023,OR,US/Pacific,PST,,-8
41025,OR,US/Pacific,PST,,-8
41027,OR,US/Pacific,PST,,-8
41029,OR,US/Pacific,PST,,-8
41031,OR,US/Pacific,PST,,-8
41033,OR,US/Pacific,PST,,-8
41035,OR,US/Pacific,PST,,-8
41037,OR,US/Pacific,PST,,-8
41039,OR,US/Pacific,PST,,-8
41041,OR,US/Pacific,PST,,-8
41043,OR,US/Pacific,PST,,-8
41045,OR,US/Mountain,MST,,-7
41047,OR,US/Pacific,PST,,-8
41049,OR,US/Pacific,PST,,-8
41051,OR,US/Pacific,PST,,-8
41053,OR,US/Pacific,PST,,-8
41055,OR,US/Pacific,PST,,-8
41057,OR,US/Pacific,PST,,-8
41059,OR,US/Pacific,PST,,-8
41061,OR,US/Pacific,PST,,-8
41063,OR,US/Pacific,PST,,-8
41065,OR,US/Pacific,PST,,-8
41067,OR,US/Pacific,PST,,-8
41069,OR,US/Pacific,PST,,-8
41071,OR,US/Pacific,PST,,-8
42001,PA,US/Eastern,EST,,-5
42003,PA,US/Eastern,EST,,-5
42005,PA,US/Eastern,EST,,-5
42007,PA,US/Eastern,EST,,-5
42009,PA,US/Eastern,EST,,-5
42011,PA,US/Eastern,EST,,-5
42013,PA,US/Eastern,EST,,-5
42015,PA,US/Eastern,EST,,-5
42017,PA,US/Eastern,EST,,-5
42019,PA,US/Eastern,EST,,-5
42021,PA,US/Eastern,EST,,-5
42023,PA,US/Eastern,EST,,-5
42025,PA,US/Eastern,EST,,-5
42027,PA,US/Eastern,EST,,-5
42029,PA,US/Eastern,EST,,-5
42031,PA,US/Eastern,EST,,-5
42033,PA,US/Eastern,EST,,-5
42035,PA,US/Eastern,EST,,-5
42037,PA,US/Eastern,EST,,-5
42039,PA,US/Eastern,EST,,-5
42041,PA,US/Eastern,EST,,-5
42043,PA,US/Eastern,EST,,-5
42045,PA,US/Eastern,EST,,-5
42047,PA,US/Eastern,EST,,-5
42049,PA,US/Eastern,EST,,-5
42051,PA,US/Eastern,EST,,-5
42053,PA,US/Eastern,EST,,-5
42055,PA,US/Eastern,EST,,-5
42057,PA,US/Eastern,EST,,-5
42059,PA,US/Eastern,EST,,-5
42061,PA,US/Eastern,EST,,-5
42063,PA,US/Eastern,EST,,-5
42065,PA,US/Eastern,EST,,-5
42067,PA,US/Eastern,EST,,-5
42069,PA,US/Eastern,EST,,-5
42071,PA,US/Eastern,EST,,-5
42073,PA,US/Eastern,EST,,-5
42075,PA,US/Eastern,EST,,-5
42077,PA,US/Eastern,EST,,-5
42079,PA,US/Eastern,EST,,-5
42081,PA,US/Eastern,EST,,-5
42083,PA,US/Eastern,EST,,-5
42085,PA,US/Eastern,EST,,-5
42087,PA,US/Eastern,EST,,-5
42089,PA,US/Eastern,EST,,-5
42091,PA,US/Eastern,EST,,-5
42093,PA,US/Eastern,EST,,-5
42095,PA,US/Eastern,EST,,-5
42097,PA,US/Eastern,EST,,-5
42099,PA,US/Eastern,EST,,-5
42101,PA,US/Eastern,EST,,-5
42103,PA,US/Eastern,EST,,-5
42105,PA,US/Eastern,EST,,-5
42107,PA,US/Eastern,EST,,-5
42109,PA,US/Eastern,EST,,-5
42111,PA,US/Eastern,EST,,-5
42113,PA,US/Eastern,EST,,-5
42115,PA,US/Eastern,EST,,-5
42117,PA,US/Eastern,EST,,-5
42119,PA,US/Eastern,EST,,-5
42121,PA,US/Eastern,EST,,-5
42123,PA,US/Eastern,EST,,-5
42125,PA,US/Eastern,EST,,-5
42127,PA,US/Eastern,EST,,-5
42129,PA,US/Eastern,EST,,-5
42131,PA,US/Eastern,EST,,-5
42133,PA,US/Eastern,EST,,-5
44001,RI,US/Eastern,EST,,-5
44003,RI,US/Eastern,EST,,-5
44005,RI,US/Eastern,EST,,-5
44007,RI,US/Eastern,EST,,-5
44009,RI,US/Eastern,EST,,-5
45001,SC,US/Eastern,EST,,-5
45003,SC,US/Eastern,EST,,-5
45005,SC,US/Eastern,EST,,-5
45007,SC,US/Eastern,EST,,-5
45009,SC,US/Eastern,EST,,-5
45011,SC,US/Eastern,EST,,-5
45013,SC,US/Eastern,EST,,-5
45015,SC,US/Eastern,EST,,-5
45017,SC,US/Eastern,EST,,-5
45019,SC,US/Eastern,EST,,-5
45021,SC,US/Eastern,EST,,-5
45023,SC,US/Eastern,EST,,-5
45025,SC,US/Eastern,EST,,-5
45027,SC,US/Eastern,EST,,-5
45029,SC,US/Eastern,EST,,-5
45031,SC,US/Eastern,EST,,-5
45033,SC,US/Eastern,EST,,-5
45035,SC,US/Eastern,EST,,-5
45037,SC,US/Eastern,EST,,-5
45039,SC,US/Eastern,EST,,-5
45041,SC,US/Eastern,EST,,-5
45043,SC,US/Eastern,EST,,-5
45045,SC,US/Eastern,EST,,-5
45047,SC,US/Eastern,EST,,-5
45049,SC,US/Eastern,EST,,-5
45051,SC,US/Eastern,EST,,-5
45053,SC,US/Eastern,EST,,-5
45055,SC,US/Eastern,EST,,-5
45057,SC,US/Eastern,EST,,-5
45059,SC,US/Eastern,EST,,-5
45061,SC,US/Eastern,EST,,-5
45063,SC,US/Eastern,EST,,-5
45065,SC,US/Eastern,EST,,-5
45067,SC,US/Eastern,EST,,-5
45069,SC,US/Eastern,EST,,-5
45071,SC,US/Eastern,EST,,-5
45073,SC,US/Eastern,EST,,-5
45075,SC,US/Eastern,EST,,-5
45077,SC,US/Eastern,EST,,-5
45079,SC,US/Eastern,EST,,-5
45081,SC,US/Eastern,EST,,-5
45083,SC,US/Eastern,EST,,-5
45085,SC,US/Eastern,EST,,-5
45087,SC,US/Eastern,EST,,-5
45089,SC,US/Eastern,EST,,-5
45091,SC,US/Eastern,EST,,-5
46003,SD,US/Central,CST,,-6
46005,SD,US/Central,CST,,-6
46007,SD,US/Mountain,MST,,-7
46009,SD,US/Central,CST,,-6
46011,SD,US/Central,CST,,-6
46013,SD,US/Central,CST,,-6
46015,SD,US/Central,CST,,-6
46017,SD,US/Central,CST,,-6
46019,SD,US/Mountain,MST,,-7
46021,SD,US/Central,CST,,-6
46023,SD,US/Central,CST,,-6
46025,SD,US/Central,CST,,-6
46027,SD,US/Central,CST,,-6
46029,SD,US/Central,CST,,-6
46031,SD,US/Mountain,MST,,-7
46033,SD,US/Mountain,MST,,-7
46035,SD,US/Central,CST,,-6
46037,SD,US/Central,CST,,-6
46039,SD,US/Central,CST,,-6
46041,SD,US/Mountain,MST,,-7
46043,SD,US/Central,CST,,-6
46045,SD,US/Central,CST,,-6
46047,SD,US/Mountain,MST,,-7
46049,SD,US/Central,CST,,-6
46051,SD,US/Central,CST,,-6
46053,SD,US/Central,CST,,-6
46055,SD,US/Mountain,MST,,-7
46057,SD,US/Central,CST,,-6
46059,SD,US/Central,CST,,-6
46061,SD,US/Central,CST,,-6
46063,SD,US/Mountain,MST,,-7
46065,SD,US/Central,CST,,-6
46067,SD,US/Central,CST,,-6
46069,SD,US/Central,CST,,-6
46071,SD,US/Mountain,MST,,-7
46073,SD,US/Central,CST,,-6
46075,SD,US/Central,CST,,-6
46077,SD,US/Central,CST,,-6
46079,SD,US/Central,CST,,-6
46081,SD,US/Mountain,MST,,-7
46083,SD,US/Central,CST,,-6
46085,SD,US/Central,CST,,-6
46087,SD,US/Central,CST,,-6
46089,SD,US/Central,CST,,-6
46091,SD,US/Central,CST,,-6
46093,SD,US/Mountain,MST,,-7
46095,SD,US/Central,CST,,-6
46097,SD,US/Central,CST,,-6
46099,SD,US/Central,CST,,-6
46101,SD,US/Central,CST,,-6
46102,SD,US/Central,CST,,-6
46103,SD,US/Mountain,MST,,-7
46105,SD,US/Mountain,MST,,-7
46107,SD,US/Central,CST,,-6
46109,SD,US/Central,CST,,-6
46111,SD,US/Central,CST,,-6
46113,SD,US/Mountain,MST,,-7
46115,SD,US/Central,CST,,-6
46117,SD,US/Mountain,MST,,-7
46119,SD,US/Central,CST,,-6
46121,SD,US/Central,CST,,-6
46123,SD,US/Central,CST,,-6
46125,SD,US/Central,CST,,-6
46127,SD,US/Central,CST,,-6
46129,SD,US/Central,CST,,-6
46135,SD,US/Central,CST,,-6
46137,SD,US/Mountain,MST,,-7
47001,TN,US/Eastern,EST,,-5
47003,TN,US/Central,CST,,-6
47005,TN,US/Central,CST,,-6
47007,TN,US/Central,CST,,-6
47009,TN,US/Eastern,EST,,-5
47011,TN,US/Eastern,EST,,-5
47013,TN,US/Eastern,EST,,-5
47015,TN,US/Central,CST,,-6
47017,TN,US/Central,CST,,-6
47019,TN,US/Eastern,EST,,-5
47021,TN,US/Central,CST,,-6
47023,TN,US/Central,CST,,-6
47025,TN,US/Eastern,EST,,-5
47027,TN,US/Central,CST,,-6
47029,TN,US/Eastern,EST,,-5
47031,TN,US/Central,CST,,-6
47033,TN,US/Central,CST,,-6
47035,TN,US/Central,CST,,-6
47037,TN,US/Central,CST,,-6
47039,TN,US/Central,CST,,-6
47041,TN,US/Central,CST,,-6
47043,TN,US/Central,CST,,-6
47045,TN,US/Central,CST,,-6
47047,TN,US/Central,CST,,-6
47049,TN,US/Central,CST,,-6
47051,TN,US/Central,CST,,-6
47053,TN,US/Central,CST,,-6
47055,TN,US/Central,CST,,-6
47057,TN,US/Eastern,EST,,-5
47059,TN,US/Eastern,EST,,-5
47061,TN,US/Central,CST,,-6
47063,TN,US/Eastern,EST,,-5
47065,TN,US/Eastern,EST,,-5
47067,TN,US/Eastern,EST,,-5
47069,TN,US/Central,CST,,-6
47071,TN,US/Central,CST,,-6
47073,TN,US/Eastern,EST,,-5
47075,TN,US/Central,CST,,-6
47077,TN,US/Central,CST,,-6
47079,TN,US/Central,CST,,-6
47081,TN,US/Central,CST,,-6
47083,TN,US/Central,CST,,-6
47085,TN,US/Central,CST,,-6
47087,TN,US/Central,CST,,-6
47089,TN,US/Eastern,EST,,-5
47091,TN,US/Eastern,EST,,-5
47093,TN,US/Eastern,EST,,-5
47095,TN,US/Central,CST,,-6
47097,TN,US/Central,CST,,-6
47099,TN,US/Central,CST,,-6
47101,TN,US/Central,CST,,-6
47103,TN,US/Central,CST,,-6
47105,TN,US/Eastern,EST,,-5
47107,TN,US/Eastern,EST,,-5
47109,TN,US/Central,CST,,-6
47111,TN,US/Central,CST,,-6
47113,TN,US/Central,CST,,-6
47115,TN,US/Central,CST,,-6
47117,TN,US/Central,CST,,-6
47119,TN,US/Central,CST,,-6
47121,TN,US/Eastern,EST,,-5
47123,TN,US/Eastern,EST,,-5
47125,TN,US/Central,CST,,-6
47127,TN,US/Central,CST,,-6
47129,TN,US/Eastern,EST,,-5
47131,TN,US/Central,CST,,-6
47133,TN,US/Central,CST,,-6
47135,TN,US/Central,CST,,-6
47137,TN,US/Central,CST,,-6
47139,TN,US/Eastern,EST,,-5
47141,TN,US/Central,CST,,-6
47143,TN,US/Eastern,EST,,-5
47145,TN,US/Eastern,EST,,-5
47147,TN,US/Central,CST,,-6
47149,TN,US/Central,CST,,-6
47151,TN,US/Eastern,EST,,-5
47153,TN,US/Central,CST,,-6
47155,TN,US/Eastern,EST,,-5
47157,TN,US/Central,CST,,-6
47159,TN,US/Central,CST,,-6
47161,TN,US/Central,CST,,-6
47163,TN,US/Eastern,EST,,-5
47165,TN,US/Central,CST,,-6
47167,TN,US/Central,CST,,-6
47169,TN,US/Central,CST,,-6
47171,TN,US/Eastern,EST,,-5
47173,TN,US/Eastern,EST,,-5
47175,TN,US/Central,CST,,-6
47177,TN,US/Central,CST,,-6
47179,TN,US/Eastern,EST,,-5
47181,TN,US/Central,CST,,-6
47183,TN,US/Central,CST,,-6
47185,TN,US/Central,CST,,-6
47187,TN,US/Central,CST,,-6
47189,TN,US/Central,CST,,-6
48001,TX,US/Central,CST,,-6
48003,TX,US/Central,CST,,-6
48005,TX,US/Central,CST,,-6
48007,TX,US/Central,CST,,-6
48009,TX,US/Central,CST,,-6
48011,TX,US/Central,CST,,-6
48013,TX,US/Central,CST,,-6
48015,TX,US/Central,CST,,-6
48017,TX,US/Central,CST,,-6
48019,TX,US/Central,CST,,-6
48021,TX,US/Central,CST,,-6
48023,TX,US/Central,CST,,-6
48025,TX,US/Central,CST,,-6
48027,TX,US/Central,CST,,-6
48029,TX,US/Central,CST,,-6
48031,TX,US/Central,CST,,-6
48033,TX,US/Central,CST,,-6
48035,TX,US/Central,CST,,-6
48037,TX,US/Central,CST,,-6
48039,TX,US/Central,CST,,-6
48041,TX,US/Central,CST,,-6
48043,TX,US/Central,CST,,-6
48045,TX,US/Central,CST,,-6
48047,TX,US/Central,CST,,-6
48049,TX,US/Central,CST,,-6
48051,TX,US/Central,CST,,-6
48053,TX,US/Central,CST,,-6
48055,TX,US/Central,CST,,-6
48057,TX,US/Central,CST,,-6
48059,TX,US/Central,CST,,-6
48061,TX,US/Central,CST,,-6
48063,TX,US/Central,CST,,-6
48065,TX,US/Central,CST,,-6
48067,TX,US/Central,CST,,-6
48069,TX,US/Central,CST,,-6
48071,TX,US/Central,CST,,-6
48073,TX,US/Central,CST,,-6
48075,TX,US/Central,CST,,-6
48077,TX,US/Central,CST,,-6
48079,TX,US/Central,CST,,-6
48081,TX,US/Central,CST,,-6
48083,TX,US/Central,CST,,-6
48085,TX,US/Central,CST,,-6
48087,TX,US/Central,CST,,-6
48089,TX,US/Central,CST,,-6
48091,TX,US/Central,CST,,-6
48093,TX,US/Central,CST,,-6
48095,TX,US/Central,CST,,-6
48097,TX,US/Central,CST,,-6
48099,TX,US/Central,CST,,-6
48101,TX,US/Central,CST,,-6
48103,TX,US/Central,CST,,-6
48105,TX,US/Central,CST,,-6
48107,TX,US/Central,CST,,-6
48109,TX,US/Central,CST,,-6
48111,TX,US/Central,CST,,-6
48113,TX,US/Central,CST,,-6
48115,TX,US/Central,CST,,-6
48117,TX,US/Central,CST,,-6
48119,TX,US/Central,CST,,-6
48121,TX,US/Central,CST,,-6
48123,TX,US/Central,CST,,-6
48125,TX,US/Central,CST,,-6
48127,TX,US/Central,CST,,-6
48129,TX,US/Central,CST,,-6
48131,TX,US/Central,CST,,-6
48133,TX,US/Central,CST,,-6
48135,TX,US/Central,CST,,-6
48137,TX,US/Central,CST,,-6
48139,TX,US/Central,CST,,-6
48141,TX,US/Mountain,MST,,-7
48143,TX,US/Central,CST,,-6
48145,TX,US/Central,CST,,-6
48147,TX,US/Central,CST,,-6
48149,TX,US/Central,CST,,-6
48151,TX,US/Central,CST,,-6
48153,TX,US/Central,CST,,-6
48155,TX,US/Central,CST,,-6
48157,TX,US/Central,CST,,-6
48159,TX,US/Central,CST,,-6
48161,TX,US/Central,CST,,-6
48163,TX,US/Central,CST,,-6
48165,TX,US/Central,CST,,-6
48167,TX,US/Central,CST,,-6
48169,TX,US/Central,CST,,-6
48171,TX,US/Central,CST,,-6
48173,TX,US/Central,CST,,-6
48175,TX,US/Central,CST,,-6
48177,TX,US/Central,CST,,-6
48179,TX,US/Central,CST,,-6
48181,TX,US/Central,CST,,-6
48183,TX,US/Central,CST,,-6
48185,TX,US/Central,CST,,-6
48187,TX,US/Central,CST,,-6
48189,TX,US/Central,CST,,-6
48191,TX,US/Central,CST,,-6
48193,TX,US/Central,CST,,-6
48195,TX,US/Central,CST,,-6
48197,TX,US/Central,CST,,-6
48199,TX,US/Central,CST,,-6
48201,TX,US/Central,CST,,-6
48203,TX,US/Central,CST,,-6
48205,TX,US/Central,CST,,-6
48207,TX,US/Central,CST,,-6
48209,TX,US/Central,CST,,-6
48211,TX,US/Central,CST,,-6
48213,TX,US/Central,CST,,-6
48215,TX,US/Central,CST,,-6
48217,TX,US/Central,CST,,-6
48219,TX,US/Central,CST,,-6
48221,TX,US/Central,CST,,-6
48223,TX,US/Central,CST,,-6
48225,TX,US/Central,CST,,-6
48227,TX,US/Central,CST,,-6
48229,TX,US/Mountain,MST,,-7
48231,TX,US/Central,CST,,-6
48233,TX,US/Central,CST,,-6
48235,TX,US/Central,CST,,-6
48237,TX,US/Central,CST,,-6
48239,TX,US/Central,CST,,-6
48241,TX,US/Central,CST,,-6
48243,TX,US/Central,CST,,-6
48245,TX,US/Central,CST,,-6
48247,TX,US/Central,CST,,-6
48249,TX,US/Central,CST,,-6
48251,TX,US/Central,CST,,-6
48253,TX,US/Central,CST,,-6
48255,TX,US/Central,CST,,-6
48257,TX,US/Central,CST,,-6
48259,TX,US/Central,CST,,-6
48261,TX,US/Central,CST,,-6
48263,TX,US/Central,CST,,-6
48265,TX,US/Central,CST,,-6
48267,TX,US/Central,CST,,-6
48269,TX,US/Central,CST,,-6
48271,TX,US/Central,CST,,-6
48273,TX,US/Central,CST,,-6
48275,TX,US/Central,CST,,-6
48277,TX,US/Central,CST,,-6
48279,TX,US/Central,CST,,-6
48281,TX,US/Central,CST,,-6
48283,TX,US/Central,CST,,-6
48285,TX,US/Central,CST,,-6
48287,TX,US/Central,CST,,-6
48289,TX,US/Central,CST,,-6
48291,TX,US/Central,CST,,-6
48293,TX,US/Central,CST,,-6
48295,TX,US/Central,CST,,-6
48297,TX,US/Central,CST,,-6
48299,TX,US/Central,CST,,-6
48301,TX,US/Central,CST,,-6
48303,TX,US/Central,CST,,-6
48305,TX,US/Central,CST,,-6
48307,TX,US/Central,CST,,-6
48309,TX,US/Central,CST,,-6
48311,TX,US/Central,CST,,-6
48313,TX,US/Central,CST,,-6
48315,TX,US/Central,CST,,-6
48317,TX,US/Central,CST,,-6
48319,TX,US/Central,CST,,-6
48321,TX,US/Central,CST,,-6
48323,TX,US/Central,CST,,-6
48325,TX,US/Central,CST,,-6
48327,TX,US/Central,CST,,-6
48329,TX,US/Central,CST,,-6
48331,TX,US/Central,CST,,-6
48333,TX,US/Central,CST,,-6
48335,TX,US/Central,CST,,-6
48337,TX,US/Central,CST,,-6
48339,TX,US/Central,CST,,-6
48341,TX,US/Central,CST,,-6
48343,TX,US/Central,CST,,-6
48345,TX,US/Central,CST,,-6
48347,TX,US/Central,CST,,-6
48349,TX,US/Central,CST,,-6
48351,TX,US/Central,CST,,-6
48353,TX,US/Central,CST,,-6
48355,TX,US/Central,CST,,-6
48357,TX,US/Central,CST,,-6
48359,TX,US/Central,CST,,-6
48361,TX,US/Central,CST,,-6
48363,TX,US/Central,CST,,-6
48365,TX,US/Central,CST,,-6
48367,TX,US/Central,CST,,-6
48369,TX,US/Central,CST,,-6
48371,TX,US/Central,CST,,-6
48373,TX,US/Central,CST,,-6
48375,TX,US/Central,CST,,-6
48377,TX,US/Central,CST,,-6
48379,TX,US/Central,CST,,-6
48381,TX,US/Central,CST,,-6
48383,TX,US/Central,CST,,-6
48385,TX,US/Central,CST,,-6
48387,TX,US/Central,CST,,-6
48389,TX,US/Central,CST,,-6
48391,TX,US/Central,CST,,-6
48393,TX,US/Central,CST,,-6
48395,TX,US/Central,CST,,-6
48397,TX,US/Central,CST,,-6
48399,TX,US/Central,CST,,-6
48401,TX,US/Central,CST,,-6
48403,TX,US/Central,CST,,-6
48405,TX,US/Central,CST,,-6
48407,TX,US/Central,CST,,-6
48409,TX,US/Central,CST,,-6
48411,TX,US/Central,CST,,-6
48413,TX,US/Central,CST,,-6
48415,TX,US/Central,CST,,-6
48417,TX,US/Central,CST,,-6
48419,TX,US/Central,CST,,-6
48421,TX,US/Central,CST,,-6
48423,TX,US/Central,CST,,-6
48425,TX,US/Central,CST,,-6
48427,TX,US/Central,CST,,-6
48429,TX,US/Central,CST,,-6
48431,TX,US/Central,CST,,-6
48433,TX,US/Central,CST,,-6
48435,TX,US/Central,CST,,-6
48437,TX,US/Central,CST,,-6
48439,TX,US/Central,CST,,-6
48441,TX,US/Central,CST,,-6
48443,TX,US/Central,CST,,-6
48445,TX,US/Central,CST,,-6
48447,TX,US/Central,CST,,-6
48449,TX,US/Central,CST,,-6
48451,TX,US/Central,CST,,-6
48453,TX,US/Central,CST,,-6
48455,TX,US/Central,CST,,-6
48457,TX,US/Central,CST,,-6
48459,TX,US/Central,CST,,-6
48461,TX,US/Central,CST,,-6
48463,TX,US/Central,CST,,-6
48465,TX,US/Central,CST,,-6
48467,TX,US/Central,CST,,-6
48469,TX,US/Central,CST,,-6
48471,TX,US/Central,CST,,-6
48473,TX,US/Central,CST,,-6
48475,TX,US/Central,CST,,-6
48477,TX,US/Central,CST,,-6
48479,TX,US/Central,CST,,-6
48481,TX,US/Central,CST,,-6
48483,TX,US/Central,CST,,-6
48485,TX,US/Central,CST,,-6
48487,TX,US/Central,CST,,-6
48489,TX,US/Central,CST,,-6
48491,TX,US/Central,CST,,-6
48493,TX,US/Central,CST,,-6
48495,TX,US/Central,CST,,-6
48497,TX,US/Central,CST,,-6
48499,TX,US/Central,CST,,-6
48501,TX,US/Central,CST,,-6
48503,TX,US/Central,CST,,-6
48505,TX,US/Central,CST,,-6
48507,TX,US/Central,CST,,-6
49001,UT,US/Mountain,MST,,-7
49003,UT,US/Mountain,MST,,-7
49005,UT,US/Mountain,MST,,-7
49007,UT,US/Mountain,MST,,-7
49009,UT,US/Mountain,MST,,-7
49011,UT,US/Mountain,MST,,-7
49013,UT,US/Mountain,MST,,-7
49015,UT,US/Mountain,MST,,-7
49017,UT,US/Mountain,MST,,-7
49019,UT,US/Mountain,MST,,-7
49021,UT,US/Mountain,MST,,-7
49023,UT,US/Mountain,MST,,-7
49025,UT,US/Mountain,MST,,-7
49027,UT,US/Mountain,MST,,-7
49029,UT,US/Mountain,MST,,-7
49031,UT,US/Mountain,MST,,-7
49033,UT,US/Mountain,MST,,-7
49035,UT,US/Mountain,MST,,-7
49037,UT,US/Mountain,MST,,-7
49039,UT,US/Mountain,MST,,-7
49041,UT,US/Mountain,MST,,-7
49043,UT,US/Mountain,MST,,-7
49045,UT,US/Mountain,MST,,-7
49047,UT,US/Mountain,MST,,-7
49049,UT,US/Mountain,MST,,-7
49051,UT,US/Mountain,MST,,-7
49053,UT,US/Mountain,MST,,-7
49055,UT,US/Mountain,MST,,-7
49057,UT,US/Mountain,MST,,-7
50001,VT,US/Eastern,EST,,-5
50003,VT,US/Eastern,EST,,-5
50005,VT,US/Eastern,EST,,-5
50007,VT,US/Eastern,EST,,-5
50009,VT,US/Eastern,EST,,-5
50011,VT,US/Eastern,EST,,-5
50013,VT,US/Eastern,EST,,-5
50015,VT,US/Eastern,EST,,-5
50017,VT,US/Eastern,EST,,-5
50019,VT,US/Eastern,EST,,-5
50021,VT,US/Eastern,EST,,-5
50023,VT,US/Eastern,EST,,-5
50025,VT,US/Eastern,EST,,-5
50027,VT,US/Eastern,EST,,-5
51001,VA,US/Eastern,EST,,-5
51003,VA,US/Eastern,EST,,-5
51005,VA,US/Eastern,EST,,-5
51007,VA,US/Eastern,EST,,-5
51009,VA,US/Eastern,EST,,-5
51011,VA,US/Eastern,EST,,-5
51013,VA,US/Eastern,EST,,-5
51015,VA,US/Eastern,EST,,-5
51017,VA,US/Eastern,EST,,-5
51019,VA,US/Eastern,EST,,-5
51021,VA,US/Eastern,EST,,-5
51023,VA,US/Eastern,EST,,-5
51025,VA,US/Eastern,EST,,-5
51027,VA,US/Eastern,EST,,-5
51029,VA,US/Eastern,EST,,-5
51031,VA,US/Eastern,EST,,-5
51033,VA,US/Eastern,EST,,-5
51035,VA,US/Eastern,EST,,-5
51036,VA,US/Eastern,EST,,-5
51037,VA,US/Eastern,EST,,-5
51041,VA,US/Eastern,EST,,-5
51043,VA,US/Eastern,EST,,-5
51045,VA,US/Eastern,EST,,-5
51047,VA,US/Eastern,EST,,-5
51049,VA,US/Eastern,EST,,-5
51051,VA,US/Eastern,EST,,-5
51053,VA,US/Eastern,EST,,-5
51057,VA,US/Eastern,EST,,-5
51059,VA,US/Eastern,EST,,-5
51061,VA,US/Eastern,EST,,-5
51063,VA,US/Eastern,EST,,-5
51065,VA,US/Eastern,EST,,-5
51067,VA,US/Eastern,EST,,-5
51069,VA,US/Eastern,EST,,-5
51071,VA,US/Eastern,EST,,-5
51073,VA,US/Eastern,EST,,-5
51075,VA,US/Eastern,EST,,-5
51077,VA,US/Eastern,EST,,-5
51079,VA,US/Eastern,EST,,-5
51081,VA,US/Eastern,EST,,-5
51083,VA,US/Eastern,EST,,-5
51085,VA,US/Eastern,EST,,-5
51087,VA,US/Eastern,EST,,-5
51089,VA,US/Eastern,EST,,-5
51091,VA,US/Eastern,EST,,-5
51093,VA,US/Eastern,EST,,-5
51095,VA,US/Eastern,EST,,-5
51097,VA,US/Eastern,EST,,-5
51099,VA,US/Eastern,EST,,-5
51101,VA,US/Eastern,EST,,-5
51103,VA,US/Eastern,EST,,-5
51105,VA,US/Eastern,EST,,-5
51107,VA,US/Eastern,EST,,-5
51109,VA,US/Eastern,EST,,-5
51111,VA,US/Eastern,EST,,-5
51113,VA,US/Eastern,EST,,-5
51115,VA,US/Eastern,EST,,-5
51117,VA,US/Eastern,EST,,-5
51119,VA,US/Eastern,EST,,-5
51121,VA,US/Eastern,EST,,-5
51125,VA,US/Eastern,EST,,-5
51127,VA,US/Eastern,EST,,-5
51131,VA,US/Eastern,EST,,-5
51133,VA,US/Eastern,EST,,-5
51135,VA,US/Eastern,EST,,-5
51137,VA,US/Eastern,EST,,-5
51139,VA,US/Eastern,EST,,-5
51141,VA,US/Eastern,EST,,-5
51143,VA,US/Eastern,EST,,-5
51145,VA,US/Eastern,EST,,-5
51147,VA,US/Eastern,EST,,-5
51149,VA,US/Eastern,EST,,-5
51153,VA,US/Eastern,EST,,-5
51155,VA,US/Eastern,EST,,-5
51157,VA,US/Eastern,EST,,-5
51159,VA,US/Eastern,EST,,-5
51161,VA,US/Eastern,EST,,-5
51163,VA,US/Eastern,EST,,-5
51165,VA,US/Eastern,EST,,-5
51167,VA,US/Eastern,EST,,-5
51169,VA,US/Eastern,EST,,-5
51171,VA,US/Eastern,EST,,-5
51173,VA,US/Eastern,EST,,-5
51175,VA,US/Eastern,EST,,-5
51177,VA,US/Eastern,EST,,-5
51179,VA,US/Eastern,EST,,-5
51181,VA,US/Eastern,EST,,-5
51183,VA,US/Eastern,EST,,-5
51185,VA,US/Eastern,EST,,-5
51187,VA,US/Eastern,EST,,-5
51191,VA,US/Eastern,EST,,-5
51193,VA,US/Eastern,EST,,-5
51195,VA,US/Eastern,EST,,-5
51197,VA,US/Eastern,EST,,-5
51199,VA,US/Eastern,EST,,-5
51510,VA,US/Eastern,EST,,-5
51520,VA,US/Eastern,EST,,-5
51530,VA,US/Eastern,EST,,-5
51540,VA,US/Eastern,EST,,-5
51550,VA,US/Eastern,EST,,-5
51570,VA,US/Eastern,EST,,-5
51580,VA,US/Eastern,EST,,-5
51590,VA,US/Eastern,EST,,-5
51595,VA,US/Eastern,EST,,-5
51600,VA,US/Eastern,EST,,-5
51610,VA,US/Eastern,EST,,-5
51620,VA,US/Eastern,EST,,-5
51630,VA,US/Eastern,EST,,-5
51640,VA,US/Eastern,EST,,-5
51650,VA,US/Eastern,EST,,-5
51660,VA,US/Eastern,EST,,-5
51670,VA,US/Eastern,EST,,-5
51678,VA,US/Eastern,EST,,-5
51680,VA,US/Eastern,EST,,-5
51683,VA,US/Eastern,EST,,-5
51685,VA,US/Eastern,EST,,-5
51690,VA,US/Eastern,EST,,-5
51700,VA,US/Eastern,EST,,-5
51710,VA,US/Eastern,EST,,-5
51720,VA,US/Eastern,EST,,-5
51730,VA,US/Eastern,EST,,-5
51735,VA,US/Eastern,EST,,-5
51740,VA,US/Eastern,EST,,-5
51750,VA,US/Eastern,EST,,-5
51760,VA,US/Eastern,EST,,-5
51770,VA,US/Eastern,EST,,-5
51775,VA,US/Eastern,EST,,-5
51790,VA,US/Eastern,EST,,-5
51800,VA,US/Eastern,EST,,-5
51810,VA,US/Eastern,EST,,-5
51820,VA,US/Eastern,EST,,-5
51830,VA,US/Eastern,EST,,-5
51840,VA,US/Eastern,EST,,-5
53001,WA,US/Pacific,PST,,-8
53003,WA,US/Pacific,PST,,-8
53005,WA,US/Pacific,PST,,-8
53007,WA,US/Pacific,PST,,-8
53009,WA,US/Pacific,PST,,-8
53011,WA,US/Pacific,PST,,-8
53013,WA,US/Pacific,PST,,-8
53015,WA,US/Pacific,PST,,-8
53017,WA,US/Pacific,PST,,-8
53019,WA,US/Pacific,PST,,-8
53021,WA,US/Pacific,PST,,-8
53023,WA,US/Pacific,PST,,-8
53025,WA,US/Pacific,PST,,-8
53027,WA,US/Pacific,PST,,-8
53029,WA,US/Pacific,PST,,-8
53031,WA,US/Pacific,PST,,-8
53033,WA,US/Pacific,PST,,-8
53035,WA,US/Pacific,PST,,-8
53037,WA,US/Pacific,PST,,-8
53039,WA,US/Pacific,PST,,-8
53041,WA,US/Pacific,PST,,-8
53043,WA,US/Pacific,PST,,-8
53045,WA,US/Pacific,PST,,-8
53047,WA,US/Pacific,PST,,-8
53049,WA,US/Pacific,PST,,-8
53051,WA,US/Pacific,PST,,-8
53053,WA,US/Pacific,PST,,-8
53055,WA,US/Pacific,PST,,-8
53057,WA,US/Pacific,PST,,-8
53059,WA,US/Pacific,PST,,-8
53061,WA,US/Pacific,PST,,-8
53063,WA,US/Pacific,PST,,-8
53065,WA,US/Pacific,PST,,-8
53067,WA,US/Pacific,PST,,-8
53069,WA,US/Pacific,PST,,-8
53071,WA,US/Pacific,PST,,-8
53073,WA,US/Pacific,PST,,-8
53075,WA,US/Pacific,PST,,-8
53077,WA,US/Pacific,PST,,-8
54001,WV,US/Eastern,EST,,-5
54003,WV,US/Eastern,EST,,-5
54005,WV,US/Eastern,EST,,-5
54007,WV,US/Eastern,EST,,-5
54009,WV,US/Eastern,EST,,-5
54011,WV,US/Eastern,EST,,-5
54013,WV,US/Eastern,EST,,-5
54015,WV,US/Eastern,EST,,-5
54017,WV,US/Eastern,EST,,-5
54019,WV,US/Eastern,EST,,-5
54021,WV,US/Eastern,EST,,-5
54023,WV,US/Eastern,EST,,-5
54025,WV,US/Eastern,EST,,-5
54027,WV,US/Eastern,EST,,-5
54029,WV,US/Eastern,EST,,-5
54031,WV,US/Eastern,EST,,-5
54033,WV,US/Eastern,EST,,-5
54035,WV,US/Eastern,EST,,-5
54037,WV,US/Eastern,EST,,-5
54039,WV,US/Eastern,EST,,-5
54041,WV,US/Eastern,EST,,-5
54043,WV,US/Eastern,EST,,-5
54045,WV,US/Eastern,EST,,-5
54047,WV,US/Eastern,EST,,-5
54049,WV,US/Eastern,EST,,-5
54051,WV,US/Eastern,EST,,-5
54053,WV,US/Eastern,EST,,-5
54055,WV,US/Eastern,EST,,-5
54057,WV,US/Eastern,EST,,-5
54059,WV,US/Eastern,EST,,-5
54061,WV,US/Eastern,EST,,-5
54063,WV,US/Eastern,EST,,-5
54065,WV,US/Eastern,EST,,-5
54067,WV,US/Eastern,EST,,-5
54069,WV,US/Eastern,EST,,-5
54071,WV,US/Eastern,EST,,-5
54073,WV,US/Eastern,EST,,-5
54075,WV,US/Eastern,EST,,-5
54077,WV,US/Eastern,EST,,-5
54079,WV,US/Eastern,EST,,-5
54081,WV,US/Eastern,EST,,-5
54083,WV,US/Eastern,EST,,-5
54085,WV,US/Eastern,EST,,-5
54087,WV,US/Eastern,EST,,-5
54089,WV,US/Eastern,EST,,-5
54091,WV,US/Eastern,EST,,-5
54093,WV,US/Eastern,EST,,-5
54095,WV,US/Eastern,EST,,-5
54097,WV,US/Eastern,EST,,-5
54099,WV,US/Eastern,EST,,-5
54101,WV,US/Eastern,EST,,-5
54103,WV,US/Eastern,EST,,-5
54105,WV,US/Eastern,EST,,-5
54107,WV,US/Eastern,EST,,-5
54109,WV,US/Eastern,EST,,-5
55001,WI,US/Central,CST,,-6
55003,WI,US/Central,CST,,-6
55005,WI,US/Central,CST,,-6
55007,WI,US/Central,CST,,-6
55009,WI,US/Central,CST,,-6
55011,WI,US/Central,CST,,-6
55013,WI,US/Central,CST,,-6
55015,WI,US/Central,CST,,-6
55017,WI,US/Central,CST,,-6
55019,WI,US/Central,CST,,-6
55021,WI,US/Central,CST,,-6
55023,WI,US/Central,CST,,-6
55025,WI,US/Central,CST,,-6
55027,WI,US/Central,CST,,-6
55029,WI,US/Central,CST,,-6
55031,WI,US/Central,CST,,-6
55033,WI,US/Central,CST,,-6
55035,WI,US/Central,CST,,-6
55037,WI,US/Central,CST,,-6
55039,WI,US/Central,CST,,-6
55041,WI,US/Central,CST,,-6
55043,WI,US/Central,CST,,-6
55045,WI,US/Central,CST,,-6
55047,WI,US/Central,CST,,-6
55049,WI,US/Central,CST,,-6
55051,WI,US/Central,CST,,-6
55053,WI,US/Central,CST,,-6
55055,WI,US/Central,CST,,-6
55057,WI,US/Central,CST,,-6
55059,WI,US/Central,CST,,-6
55061,WI,US/Central,CST,,-6
55063,WI,US/Central,CST,,-6
55065,WI,US/Central,CST,,-6
55067,WI,US/Central,CST,,-6
55069,WI,US/Central,CST,,-6
55071,WI,US/Central,CST,,-6
55073,WI,US/Central,CST,,-6
55075,WI,US/Central,CST,,-6
55077,WI,US/Central,CST,,-6
55078,WI,US/Central,CST,,-6
55079,WI,US/Central,CST,,-6
55081,WI,US/Central,CST,,-6
55083,WI,US/Central,CST,,-6
55085,WI,US/Central,CST,,-6
55087,WI,US/Central,CST,,-6
55089,WI,US/Central,CST,,-6
55091,WI,US/Central,CST,,-6
55093,WI,US/Central,CST,,-6
55095,WI,US/Central,CST,,-6
55097,WI,US/Central,CST,,-6
55099,WI,US/Central,CST,,-6
55101,WI,US/Central,CST,,-6
55103,WI,US/Central,CST,,-6
55105,WI,US/Central,CST,,-6
55107,WI,US/Central,CST,,-6
55109,WI,US/Central,CST,,-6
55111,WI,US/Central,CST,,-6
55113,WI,US/Central,CST,,-6
55115,WI,US/Central,CST,,-6
55117,WI,US/Central,CST,,-6
55119,WI,US/Central,CST,,-6
55121,WI,US/Central,CST,,-6
55123,WI,US/Central,CST,,-6
55125,WI,US/Central,CST,,-6
55127,WI,US/Central,CST,,-6
55129,WI,US/Central,CST,,-6
55131,WI,US/Central,CST,,-6
55133,WI,US/Central,CST,,-6
55135,WI,US/Central,CST,,-6
55137,WI,US/Central,CST,,-6
55139,WI,US/Central,CST,,-6
55141,WI,US/Central,CST,,-6
56001,WY,US/Mountain,MST,,-7
56003,WY,US/Mountain,MST,,-7
56005,WY,US/Mountain,MST,,-7
56007,WY,US/Mountain,MST,,-7
56009,WY,US/Mountain,MST,,-7
56011,WY,US/Mountain,MST,,-7
56013,WY,US/Mountain,MST,,-7
56015,WY,US/Mountain,MST,,-7
56017,WY,US/Mountain,MST,,-7
56019,WY,US/Mountain,MST,,-7
56021,WY,US/Mountain,MST,,-7
56023,WY,US/Mountain,MST,,-7
56025,WY,US/Mountain,MST,,-7
56027,WY,US/Mountain,MST,,-7
56029,WY,US/Mountain,MST,,-7
56031,WY,US/Mountain,MST,,-7
56033,WY,US/Mountain,MST,,-7
56035,WY,US/Mountain,MST,,-7
56037,WY,US/Mountain,MST,,-7
56039,WY,US/Mountain,MST,,-7
56041,WY,US/Mountain,MST,,-7
56043,WY,US/Mountain,MST,,-7
56045,WY,US/Mountain,MST,,-7
72001,PR,America/Puerto_Rico,AST,x,-4
72003,PR,America/Puerto_Rico,AST,x,-4
72005,PR,America/Puerto_Rico,AST,x,-4
72007,PR,America/Puerto_Rico,AST,x,-4
72009,PR,America/Puerto_Rico,AST,x,-4
72011,PR,America/Puerto_Rico,AST,x,-4
72013,PR,America/Puerto_Rico,AST,x,-4
72015,PR,America/Puerto_Rico,AST,x,-4
72017,PR,America/Puerto_Rico,AST,x,-4
72019,PR,America/Puerto_Rico,AST,x,-4
72021,PR,America/Puerto_Rico,AST,x,-4
72023,PR,America/Puerto_Rico,AST,x,-4
72025,PR,America/Puerto_Rico,AST,x,-4
72027,PR,America/Puerto_Rico,AST,x,-4
72029,PR,America/Puerto_Rico,AST,x,-4
72031,PR,America/Puerto_Rico,AST,x,-4
72033,PR,America/Puerto_Rico,AST,x,-4
72035,PR,America/Puerto_Rico,AST,x,-4
72037,PR,America/Puerto_Rico,AST,x,-4
72039,PR,America/Puerto_Rico,AST,x,-4
72041,PR,America/Puerto_Rico,AST,x,-4
72043,PR,America/Puerto_Rico,AST,x,-4
72045,PR,America/Puerto_Rico,AST,x,-4
72047,PR,America/Puerto_Rico,AST,x,-4
72049,PR,America/Puerto_Rico,AST,x,-4
72051,PR,America/Puerto_Rico,AST,x,-4
72053,PR,America/Puerto_Rico,AST,x,-4
72054,PR,America/Puerto_Rico,AST,x,-4
72055,PR,America/Puerto_Rico,AST,x,-4
72057,PR,America/Puerto_Rico,AST,x,-4
72059,PR,America/Puerto_Rico,AST,x,-4
72061,PR,America/Puerto_Rico,AST,x,-4
72063,PR,America/Puerto_Rico,AST,x,-4
72065,PR,America/Puerto_Rico,AST,x,-4
72067,PR,America/Puerto_Rico,AST,x,-4
72069,PR,America/Puerto_Rico,AST,x,-4
72071,PR,America/Puerto_Rico,AST,x,-4
72073,PR,America/Puerto_Rico,AST,x,-4
72075,PR,America/Puerto_Rico,AST,x,-4
72077,PR,America/Puerto_Rico,AST,x,-4
72079,PR,America/Puerto_Rico,AST,x,-4
72081,PR,America/Puerto_Rico,AST,x,-4
72083,PR,America/Puerto_Rico,AST,x,-4
72085,PR,America/Puerto_Rico,AST,x,-4
72087,PR,America/Puerto_Rico,AST,x,-4
72089,PR,America/Puerto_Rico,AST,x,-4
72091,PR,America/Puerto_Rico,AST,x,-4
72093,PR,America/Puerto_Rico,AST,x,-4
72095,PR,America/Puerto_Rico,AST,x,-4
72097,PR,America/Puerto_Rico,AST,x,-4
72099,PR,America/Puerto_Rico,AST,x,-4
72101,PR,America/Puerto_Rico,AST,x,-4
72103,PR,America/Puerto_Rico,AST,x,-4
72105,PR,America/Puerto_Rico,AST,x,-4
72107,PR,America/Puerto_Rico,AST,x,-4
72109,PR,America/Puerto_Rico,AST,x,-4
72111,PR,America/Puerto_Rico,AST,x,-4
72113,PR,America/Puerto_Rico,AST,x,-4
72115,PR,America/Puerto_Rico,AST,x,-4
72117,PR,America/Puerto_Rico,AST,x,-4
72119,PR,America/Puerto_Rico,AST,x,-4
72121,PR,America/Puerto_Rico,AST,x,-4
72123,PR,America/Puerto_Rico,AST,x,-4
72125,PR,America/Puerto_Rico,AST,x,-4
72127,PR,America/Puerto_Rico,AST,x,-4
72129,PR,America/Puerto_Rico,AST,x,-4
72131,PR,America/Puerto_Rico,AST,x,-4
72133,PR,America/Puerto_Rico,AST,x,-4
72135,PR,America/Puerto_Rico,AST,x,-4
72137,PR,America/Puerto_Rico,AST,x,-4
72139,PR,America/Puerto_Rico,AST,x,-4
72141,PR,America/Puerto_Rico,AST,x,-4
72143,PR,America/Puerto_Rico,AST,x,-4
72145,PR,America/Puerto_Rico,AST,x,-4
72147,PR,America/Puerto_Rico,AST,x,-4
72149,PR,America/Puerto_Rico,AST,x,-4
72151,PR,America/Puerto_Rico,AST,x,-4
72153,PR,America/Puerto_Rico,AST,x,-4
78010,VI,America/Puerto_Rico,AST,x,-4
78020,VI,America/Puerto_Rico,AST,x,-4
78030,VI,America/Puerto_Rico,AST,x,-4
88001,TB,US/Eastern,EST,,-5
88007,TB,US/Eastern,EST,,-5
88018,TB,US/Eastern,EST,,-5
88021,TB,US/Eastern,EST,,-5
88026,TB,US/Eastern,EST,,-5
88028,TB,US/Central,CST,,-6
88032,TB,US/Eastern,EST,,-5
88033,TB,US/Eastern,EST,,-5
88101,TB,US/Pacific,PST,,-8
88102,TB,US/Pacific,PST,,-8
88108,TB,US/Pacific,PST,,-8
88110,TB,US/Pacific,PST,,-8
88115,TB,US/Pacific,PST,,-8
88117,TB,US/Pacific,PST,,-8
88123,TB,US/Pacific,PST,,-8
88124,TB,US/Pacific,PST,,-8
88141,TB,US/Pacific,PST,,-8
88142,TB,US/Pacific,PST,,-8
88143,TB,US/Pacific,PST,,-8
88145,TB,US/Pacific,PST,,-8
88180,TB,US/Mountain,MST,,-7
88181,TB,US/Pacific,PST,,-8
88182,TB,US/Mountain,MST,,-7
88183,TB,US/Mountain,MST,,-7
88201,TB,US/Mountain,MST,,-7
88202,TB,US/Mountain,MST,,-7
88203,TB,US/Mountain,MST,,-7
88204,TB,US/Mountain,MST,,-7
88205,TB,US/Mountain,MST,,-7
88206,TB,US/Mountain,MST,,-7
88207,TB,US/Mountain,MST,,-7
88281,TB,US/Mountain,MST,,-7
88282,TB,US/Mountain,MST,,-7
88301,TB,US/Central,CST,,-6
88302,TB,US/Mountain,MST,,-7
88303,TB,US/Central,CST,,-6
88304,TB,US/Central,CST,,-6
88340,TB,US/Mountain,MST,,-7
88342,TB,US/Central,CST,,-6
88343,TB,US/Mountain,MST,,-7
88344,TB,US/Mountain,MST,,-7
88345,TB,US/Mountain,MST,,-7
88346,TB,US/Central,CST,,-6
88347,TB,US/Central,CST,,-6
88361,TB,US/Pacific,PST,,-8
88380,TB,US/Central,CST,,-6
88382,TB,US/Central,CST,,-6
88383,TB,US/Central,CST,,-6
88400,TB,US/Central,CST,,-6
88405,TB,US/Central,CST,,-6
88406,TB,US/Central,CST,,-6
88407,TB,US/Central,CST,,-6
88408,TB,US/Central,CST,,-6
88409,TB,US/Central,CST,,-6
88410,TB,US/Central,CST,,-6
88433,TB,US/Central,CST,,-6
88434,TB,US/Central,CST,,-6
88435,TB,US/Central,CST,,-6
88440,TB,US/Central,CST,,-6
88469,TB,US/Eastern,EST,,-5
88472,TB,US/Eastern,EST,,-5
88479,TB,US/Eastern,EST,,-5
88482,TB,US/Eastern,EST,,-5
88483,TB,US/Eastern,EST,,-5
88507,TB,US/Mountain,MST,,-7
88513,TB,US/Pacific,PST,,-8
88529,TB,US/Pacific,PST,,-8
88549,TB,US/Pacific,PST,,-8
88553,TB,US/Pacific,PST,,-8
88558,TB,US/Pacific,PST,,-8
88561,TB,US/Pacific,PST,,-8
88568,TB,US/Pacific,PST,,-8
88569,TB,US/Pacific,PST,,-8
88577,TB,US/Pacific,PST,,-8
88578,TB,US/Pacific,PST,,-8
88582,TB,US/Pacific,PST,,-8
88590,TB,US/Pacific,PST,,-8
88595,TB,US/Pacific,PST,,-8
88601,TB,US/Pacific,PST,,-8
88603,TB,US/Mountain,MST,,-7
88604,TB,US/Arizona,MST,x,-7
88606,TB,US/Mountain,MST,,-7
88608,TB,US/Mountain,MST,,-7
88610,TB,US/Arizona,MST,X,-7
88614,TB,US/Arizona,MST,x,-7
88615,TB,US/Arizona,MST,x,-7
88616,TB,US/Mountain,MST,,-7
88617,TB,US/Mountain,MST,,-7
88651,TB,US/Pacific,PST,,-8
88653,TB,US/Pacific,PST,,-8
88672,TB,US/Pacific,PST,,-8
88687,TB,US/Mountain,MST,,-7
88692,TB,US/Mountain,MST,,-7
88696,TB,US/Pacific,PST,,-8
88701,TB,US/Mountain,MST,,-7
88702,TB,US/Mountain,MST,,-7
88703,TB,US/Mountain,MST,,-7
88704,TB,US/Mountain,MST,,-7
88705,TB,US/Mountain,MST,,-7
88707,TB,US/Mountain,MST,,-7
88708,TB,US/Mountain,MST,,-7
88710,TB,US/Arizona,MST,X,-7
88712,TB,US/Mountain,MST,,-7
88715,TB,US/Mountain,MST,,-7
88716,TB,US/Mountain,MST,,-7
88719,TB,US/Mountain,MST,,-7
88721,TB,US/Mountain,MST,,-7
88750,TB,US/Arizona,MST,X,-7
88751,TB,US/Mountain,MST,,-7
88780,TB,US/Arizona,MST,X,-7
88806,TB,US/Central,CST,,-6
88821,TB,US/Central,CST,,-6
88822,TB,US/Central,CST,,-6
88823,TB,US/Central,CST,,-6
88824,TB,US/Central,CST,,-6
88830,TB,US/Central,CST,,-6
88840,TB,US/Central,CST,,-6
88861,TB,US/Mountain,MST,,-7
88862,TB,US/Central,CST,,-6
88863,TB,US/Central,CST,,-6
88904,TB,US/Central,CST,,-6
88905,TB,US/Central,CST,,-6
88906,TB,US/Central,CST,,-6
88920,TB,US/Central,CST,,-6
88980,TB,US/Central,CST,,-6
